ddd:011086905:mpeg21:p007:alto_1.jpg;illustratie met onderschrift;Soerabaijasch handelsblad;1884-11-14;http://resolver.kb.nl/resolve?urn=ddd:011086905:mpeg21:a0064;schematics;drawing
MMKB08:000140864:mpeg21:p017:alto_1.jpg;illustratie met onderschrift;Nederlandsche staatscourant;1884-06-06;http://resolver.kb.nl/resolve?urn=MMKB08:000140864:mpeg21:a0028;maps;drawing
ddd:010145600:mpeg21:p001:alto_1.jpg;artikel;Algemeen Handelsblad;1884-11-03;http://resolver.kb.nl/resolve?urn=ddd:010145600:mpeg21:a0001;logo;drawing
ddd:010145600:mpeg21:p001:alto_1.jpg;artikel;Algemeen Handelsblad;1884-11-03;http://resolver.kb.nl/resolve?urn=ddd:010145600:mpeg21:a0001;logo;drawing
ddd:010145608:mpeg21:p001:alto_1.jpg;artikel;Algemeen Handelsblad;1884-11-07;http://resolver.kb.nl/resolve?urn=ddd:010145608:mpeg21:a0001;logo;drawing
ddd:010145610:mpeg21:p001:alto_1.jpg;artikel;Algemeen Handelsblad;1884-11-08;http://resolver.kb.nl/resolve?urn=ddd:010145610:mpeg21:a0001;logo;drawing
ddd:010145610:mpeg21:p001:alto_1.jpg;artikel;Algemeen Handelsblad;1884-11-08;http://resolver.kb.nl/resolve?urn=ddd:010145610:mpeg21:a0001;logo;drawing
ddd:010145612:mpeg21:p001:alto_1.jpg;artikel;Algemeen Handelsblad;1884-11-10;http://resolver.kb.nl/resolve?urn=ddd:010145612:mpeg21:a0001;logo;drawing
ddd:010145612:mpeg21:p001:alto_1.jpg;artikel;Algemeen Handelsblad;1884-11-10;http://resolver.kb.nl/resolve?urn=ddd:010145612:mpeg21:a0001;logo;drawing
ddd:010145606:mpeg21:p001:alto_1.jpg;artikel;Algemeen Handelsblad;1884-11-06;http://resolver.kb.nl/resolve?urn=ddd:010145606:mpeg21:a0001;logo;drawing
ddd:010145618:mpeg21:p001:alto_1.jpg;artikel;Algemeen Handelsblad;1884-11-13;http://resolver.kb.nl/resolve?urn=ddd:010145618:mpeg21:a0001;logo;drawing
ddd:010145620:mpeg21:p001:alto_1.jpg;artikel;Algemeen Handelsblad;1884-11-14;http://resolver.kb.nl/resolve?urn=ddd:010145620:mpeg21:a0001;logo;drawing
ddd:010145622:mpeg21:p001:alto_1.jpg;artikel;Algemeen Handelsblad;1884-11-15;http://resolver.kb.nl/resolve?urn=ddd:010145622:mpeg21:a0001;logo;drawing
ddd:010145622:mpeg21:p001:alto_1.jpg;artikel;Algemeen Handelsblad;1884-11-15;http://resolver.kb.nl/resolve?urn=ddd:010145622:mpeg21:a0001;logo;drawing
ddd:010145624:mpeg21:p001:alto_1.jpg;artikel;Algemeen Handelsblad;1884-11-17;http://resolver.kb.nl/resolve?urn=ddd:010145624:mpeg21:a0001;logo;drawing
ddd:010145624:mpeg21:p001:alto_1.jpg;artikel;Algemeen Handelsblad;1884-11-17;http://resolver.kb.nl/resolve?urn=ddd:010145624:mpeg21:a0001;logo;drawing
ddd:010145632:mpeg21:p001:alto_1.jpg;artikel;Algemeen Handelsblad;1884-11-21;http://resolver.kb.nl/resolve?urn=ddd:010145632:mpeg21:a0001;logo;drawing
ddd:010145632:mpeg21:p001:alto_1.jpg;artikel;Algemeen Handelsblad;1884-11-21;http://resolver.kb.nl/resolve?urn=ddd:010145632:mpeg21:a0001;logo;drawing
ddd:010145634:mpeg21:p001:alto_1.jpg;artikel;Algemeen Handelsblad;1884-11-22;http://resolver.kb.nl/resolve?urn=ddd:010145634:mpeg21:a0001;logo;drawing
ddd:010145634:mpeg21:p001:alto_1.jpg;artikel;Algemeen Handelsblad;1884-11-22;http://resolver.kb.nl/resolve?urn=ddd:010145634:mpeg21:a0001;logo;drawing
ddd:010145628:mpeg21:p001:alto_1.jpg;artikel;Algemeen Handelsblad;1884-11-19;http://resolver.kb.nl/resolve?urn=ddd:010145628:mpeg21:a0001;logo;drawing
ddd:010145628:mpeg21:p001:alto_1.jpg;artikel;Algemeen Handelsblad;1884-11-19;http://resolver.kb.nl/resolve?urn=ddd:010145628:mpeg21:a0001;logo;drawing
ddd:010145630:mpeg21:p001:alto_1.jpg;artikel;Algemeen Handelsblad;1884-11-20;http://resolver.kb.nl/resolve?urn=ddd:010145630:mpeg21:a0001;logo;drawing
ddd:010145636:mpeg21:p001:alto_1.jpg;artikel;Algemeen Handelsblad;1884-11-24;http://resolver.kb.nl/resolve?urn=ddd:010145636:mpeg21:a0001;logo;drawing
ddd:010145638:mpeg21:p001:alto_1.jpg;artikel;Algemeen Handelsblad;1884-11-25;http://resolver.kb.nl/resolve?urn=ddd:010145638:mpeg21:a0001;logo;drawing
ddd:010145638:mpeg21:p001:alto_1.jpg;artikel;Algemeen Handelsblad;1884-11-25;http://resolver.kb.nl/resolve?urn=ddd:010145638:mpeg21:a0001;logo;drawing
ddd:010145642:mpeg21:p001:alto_1.jpg;artikel;Algemeen Handelsblad;1884-11-27;http://resolver.kb.nl/resolve?urn=ddd:010145642:mpeg21:a0001;logo;drawing
ddd:010145645:mpeg21:p005:alto_1.jpg;artikel;Algemeen Handelsblad;1884-11-29;http://resolver.kb.nl/resolve?urn=ddd:010145645:mpeg21:a0049;logo;drawing
ddd:010145648:mpeg21:p001:alto_1.jpg;artikel;Algemeen Handelsblad;1884-12-01;http://resolver.kb.nl/resolve?urn=ddd:010145648:mpeg21:a0007;logo;drawing
ddd:010145648:mpeg21:p001:alto_1.jpg;artikel;Algemeen Handelsblad;1884-12-01;http://resolver.kb.nl/resolve?urn=ddd:010145648:mpeg21:a0007;logo;drawing
ddd:010145650:mpeg21:p001:alto_1.jpg;artikel;Algemeen Handelsblad;1884-12-02;http://resolver.kb.nl/resolve?urn=ddd:010145650:mpeg21:a0001;logo;drawing
ddd:010145650:mpeg21:p001:alto_1.jpg;artikel;Algemeen Handelsblad;1884-12-02;http://resolver.kb.nl/resolve?urn=ddd:010145650:mpeg21:a0001;logo;drawing
ddd:010145652:mpeg21:p001:alto_1.jpg;artikel;Algemeen Handelsblad;1884-12-03;http://resolver.kb.nl/resolve?urn=ddd:010145652:mpeg21:a0001;logo;drawing
ddd:010145652:mpeg21:p001:alto_1.jpg;artikel;Algemeen Handelsblad;1884-12-03;http://resolver.kb.nl/resolve?urn=ddd:010145652:mpeg21:a0001;logo;drawing
ddd:010145646:mpeg21:p001:alto_1.jpg;artikel;Algemeen Handelsblad;1884-11-29;http://resolver.kb.nl/resolve?urn=ddd:010145646:mpeg21:a0007;logo;drawing
ddd:010145656:mpeg21:p001:alto_1.jpg;artikel;Algemeen Handelsblad;1884-12-05;http://resolver.kb.nl/resolve?urn=ddd:010145656:mpeg21:a0008;logo;drawing
ddd:010145658:mpeg21:p001:alto_1.jpg;artikel;Algemeen Handelsblad;1884-12-06;http://resolver.kb.nl/resolve?urn=ddd:010145658:mpeg21:a0001;logo;drawing
ddd:010145658:mpeg21:p001:alto_1.jpg;artikel;Algemeen Handelsblad;1884-12-06;http://resolver.kb.nl/resolve?urn=ddd:010145658:mpeg21:a0001;logo;drawing
ddd:010145654:mpeg21:p001:alto_1.jpg;artikel;Algemeen Handelsblad;1884-12-04;http://resolver.kb.nl/resolve?urn=ddd:010145654:mpeg21:a0001;logo;drawing
ddd:010145661:mpeg21:p001:alto_1.jpg;artikel;Algemeen Handelsblad;1884-12-08;http://resolver.kb.nl/resolve?urn=ddd:010145661:mpeg21:a0001;logo;drawing
ddd:010145665:mpeg21:p001:alto_1.jpg;artikel;Algemeen Handelsblad;1884-12-10;http://resolver.kb.nl/resolve?urn=ddd:010145665:mpeg21:a0001;logo;drawing
ddd:010145667:mpeg21:p001:alto_1.jpg;artikel;Algemeen Handelsblad;1884-12-11;http://resolver.kb.nl/resolve?urn=ddd:010145667:mpeg21:a0001;logo;drawing
ddd:010145673:mpeg21:p001:alto_1.jpg;artikel;Algemeen Handelsblad;1884-12-15;http://resolver.kb.nl/resolve?urn=ddd:010145673:mpeg21:a0001;logo;drawing
ddd:010145673:mpeg21:p001:alto_1.jpg;artikel;Algemeen Handelsblad;1884-12-15;http://resolver.kb.nl/resolve?urn=ddd:010145673:mpeg21:a0001;logo;drawing
ddd:010145669:mpeg21:p001:alto_1.jpg;artikel;Algemeen Handelsblad;1884-12-12;http://resolver.kb.nl/resolve?urn=ddd:010145669:mpeg21:a0001;logo;drawing
ddd:010145669:mpeg21:p001:alto_1.jpg;artikel;Algemeen Handelsblad;1884-12-12;http://resolver.kb.nl/resolve?urn=ddd:010145669:mpeg21:a0001;logo;drawing
ddd:010145675:mpeg21:p001:alto_1.jpg;artikel;Algemeen Handelsblad;1884-12-16;http://resolver.kb.nl/resolve?urn=ddd:010145675:mpeg21:a0001;logo;drawing
ddd:010145679:mpeg21:p001:alto_1.jpg;artikel;Algemeen Handelsblad;1884-12-18;http://resolver.kb.nl/resolve?urn=ddd:010145679:mpeg21:a0001;logo;drawing
ddd:010145677:mpeg21:p001:alto_1.jpg;artikel;Algemeen Handelsblad;1884-12-17;http://resolver.kb.nl/resolve?urn=ddd:010145677:mpeg21:a0001;logo;drawing
ddd:010145683:mpeg21:p001:alto_1.jpg;artikel;Algemeen Handelsblad;1884-12-20;http://resolver.kb.nl/resolve?urn=ddd:010145683:mpeg21:a0001;logo;drawing
ddd:010145684:mpeg21:p009:alto_1.jpg;artikel;Algemeen Handelsblad;1884-12-21;http://resolver.kb.nl/resolve?urn=ddd:010145684:mpeg21:a0070;logo;drawing
ddd:010145685:mpeg21:p001:alto_1.jpg;artikel;Algemeen Handelsblad;1884-12-22;http://resolver.kb.nl/resolve?urn=ddd:010145685:mpeg21:a0001;logo;drawing
ddd:010145685:mpeg21:p001:alto_1.jpg;artikel;Algemeen Handelsblad;1884-12-22;http://resolver.kb.nl/resolve?urn=ddd:010145685:mpeg21:a0001;logo;drawing
ddd:010145687:mpeg21:p001:alto_1.jpg;artikel;Algemeen Handelsblad;1884-12-23;http://resolver.kb.nl/resolve?urn=ddd:010145687:mpeg21:a0001;logo;drawing
ddd:010145688:mpeg21:p007:alto_1.jpg;artikel;Algemeen Handelsblad;1884-12-24;http://resolver.kb.nl/resolve?urn=ddd:010145688:mpeg21:a0071;logo;drawing
ddd:010145690:mpeg21:p001:alto_1.jpg;artikel;Algemeen Handelsblad;1884-12-26;http://resolver.kb.nl/resolve?urn=ddd:010145690:mpeg21:a0001;logo;drawing
ddd:010145690:mpeg21:p001:alto_1.jpg;artikel;Algemeen Handelsblad;1884-12-26;http://resolver.kb.nl/resolve?urn=ddd:010145690:mpeg21:a0001;logo;drawing
ddd:010145693:mpeg21:p001:alto_1.jpg;artikel;Algemeen Handelsblad;1884-12-29;http://resolver.kb.nl/resolve?urn=ddd:010145693:mpeg21:a0001;logo;drawing
ddd:010145695:mpeg21:p001:alto_1.jpg;artikel;Algemeen Handelsblad;1884-12-30;http://resolver.kb.nl/resolve?urn=ddd:010145695:mpeg21:a0001;logo;drawing
ddd:010145695:mpeg21:p001:alto_1.jpg;artikel;Algemeen Handelsblad;1884-12-30;http://resolver.kb.nl/resolve?urn=ddd:010145695:mpeg21:a0001;logo;drawing
ddd:010084964:mpeg21:p002:alto_1.jpg;artikel;Het nieuws van den dag : kleine courant;1884-07-07;http://resolver.kb.nl/resolve?urn=ddd:010084964:mpeg21:a0003;maps;drawing
ddd:010085051:mpeg21:p005:alto_1.jpg;artikel;Het nieuws van den dag : kleine courant;1884-10-15;http://resolver.kb.nl/resolve?urn=ddd:010085051:mpeg21:a0063;maps;drawing
ddd:010085073:mpeg21:p005:alto_1.jpg;artikel;Het nieuws van den dag : kleine courant;1884-11-10;http://resolver.kb.nl/resolve?urn=ddd:010085073:mpeg21:a0087;sheetmusic;drawing
ddd:010085111:mpeg21:p009:alto_1.jpg;artikel;Het nieuws van den dag : kleine courant;1884-12-25;http://resolver.kb.nl/resolve?urn=ddd:010085111:mpeg21:a0068;schematics;drawing
ddd:010085111:mpeg21:p009:alto_1.jpg;artikel;Het nieuws van den dag : kleine courant;1884-12-25;http://resolver.kb.nl/resolve?urn=ddd:010085111:mpeg21:a0068;schematics;drawing
ddd:010144794:mpeg21:p001:alto_1.jpg;artikel;Algemeen Handelsblad;1884-09-01;http://resolver.kb.nl/resolve?urn=ddd:010144794:mpeg21:a0001;logo;drawing
ddd:010144794:mpeg21:p001:alto_1.jpg;artikel;Algemeen Handelsblad;1884-09-01;http://resolver.kb.nl/resolve?urn=ddd:010144794:mpeg21:a0001;logo;drawing
ddd:010144796:mpeg21:p001:alto_1.jpg;artikel;Algemeen Handelsblad;1884-09-02;http://resolver.kb.nl/resolve?urn=ddd:010144796:mpeg21:a0001;logo;drawing
ddd:010144798:mpeg21:p001:alto_1.jpg;artikel;Algemeen Handelsblad;1884-09-03;http://resolver.kb.nl/resolve?urn=ddd:010144798:mpeg21:a0001;logo;drawing
ddd:010144800:mpeg21:p001:alto_1.jpg;artikel;Algemeen Handelsblad;1884-09-04;http://resolver.kb.nl/resolve?urn=ddd:010144800:mpeg21:a0001;logo;drawing
ddd:010144802:mpeg21:p001:alto_1.jpg;artikel;Algemeen Handelsblad;1884-09-05;http://resolver.kb.nl/resolve?urn=ddd:010144802:mpeg21:a0001;logo;drawing
ddd:010144802:mpeg21:p001:alto_1.jpg;artikel;Algemeen Handelsblad;1884-09-05;http://resolver.kb.nl/resolve?urn=ddd:010144802:mpeg21:a0001;logo;drawing
ddd:010144804:mpeg21:p001:alto_1.jpg;artikel;Algemeen Handelsblad;1884-09-06;http://resolver.kb.nl/resolve?urn=ddd:010144804:mpeg21:a0001;logo;drawing
ddd:010144808:mpeg21:p001:alto_1.jpg;artikel;Algemeen Handelsblad;1884-09-09;http://resolver.kb.nl/resolve?urn=ddd:010144808:mpeg21:a0001;logo;drawing
ddd:010144812:mpeg21:p001:alto_1.jpg;artikel;Algemeen Handelsblad;1884-09-11;http://resolver.kb.nl/resolve?urn=ddd:010144812:mpeg21:a0001;logo;drawing
ddd:010144812:mpeg21:p001:alto_1.jpg;artikel;Algemeen Handelsblad;1884-09-11;http://resolver.kb.nl/resolve?urn=ddd:010144812:mpeg21:a0001;logo;drawing
ddd:010144815:mpeg21:p001:alto_1.jpg;artikel;Algemeen Handelsblad;1884-09-13;http://resolver.kb.nl/resolve?urn=ddd:010144815:mpeg21:a0001;logo;drawing
ddd:010144815:mpeg21:p001:alto_1.jpg;artikel;Algemeen Handelsblad;1884-09-13;http://resolver.kb.nl/resolve?urn=ddd:010144815:mpeg21:a0001;logo;drawing
ddd:010144817:mpeg21:p001:alto_1.jpg;artikel;Algemeen Handelsblad;1884-09-15;http://resolver.kb.nl/resolve?urn=ddd:010144817:mpeg21:a0001;logo;drawing
ddd:010144819:mpeg21:p001:alto_1.jpg;artikel;Algemeen Handelsblad;1884-09-16;http://resolver.kb.nl/resolve?urn=ddd:010144819:mpeg21:a0001;logo;drawing
ddd:010144821:mpeg21:p001:alto_1.jpg;artikel;Algemeen Handelsblad;1884-09-17;http://resolver.kb.nl/resolve?urn=ddd:010144821:mpeg21:a0001;logo;drawing
ddd:010144823:mpeg21:p001:alto_1.jpg;artikel;Algemeen Handelsblad;1884-09-18;http://resolver.kb.nl/resolve?urn=ddd:010144823:mpeg21:a0001;logo;drawing
ddd:010144825:mpeg21:p001:alto_1.jpg;artikel;Algemeen Handelsblad;1884-09-19;http://resolver.kb.nl/resolve?urn=ddd:010144825:mpeg21:a0001;logo;drawing
ddd:010144827:mpeg21:p001:alto_1.jpg;artikel;Algemeen Handelsblad;1884-09-20;http://resolver.kb.nl/resolve?urn=ddd:010144827:mpeg21:a0001;logo;drawing
ddd:010144829:mpeg21:p001:alto_1.jpg;artikel;Algemeen Handelsblad;1884-09-22;http://resolver.kb.nl/resolve?urn=ddd:010144829:mpeg21:a0001;logo;drawing
ddd:010144831:mpeg21:p001:alto_1.jpg;artikel;Algemeen Handelsblad;1884-09-23;http://resolver.kb.nl/resolve?urn=ddd:010144831:mpeg21:a0001;logo;drawing
ddd:010144833:mpeg21:p001:alto_1.jpg;artikel;Algemeen Handelsblad;1884-09-24;http://resolver.kb.nl/resolve?urn=ddd:010144833:mpeg21:a0001;logo;drawing
ddd:010144835:mpeg21:p001:alto_1.jpg;artikel;Algemeen Handelsblad;1884-09-25;http://resolver.kb.nl/resolve?urn=ddd:010144835:mpeg21:a0001;logo;drawing
ddd:010144837:mpeg21:p001:alto_1.jpg;artikel;Algemeen Handelsblad;1884-09-26;http://resolver.kb.nl/resolve?urn=ddd:010144837:mpeg21:a0001;logo;drawing
ddd:010144837:mpeg21:p001:alto_1.jpg;artikel;Algemeen Handelsblad;1884-09-26;http://resolver.kb.nl/resolve?urn=ddd:010144837:mpeg21:a0001;logo;drawing
ddd:010144841:mpeg21:p001:alto_1.jpg;artikel;Algemeen Handelsblad;1884-09-29;http://resolver.kb.nl/resolve?urn=ddd:010144841:mpeg21:a0001;logo;drawing
ddd:010144847:mpeg21:p001:alto_1.jpg;artikel;Algemeen Handelsblad;1884-10-02;http://resolver.kb.nl/resolve?urn=ddd:010144847:mpeg21:a0001;logo;drawing
ddd:010144849:mpeg21:p001:alto_1.jpg;artikel;Algemeen Handelsblad;1884-10-03;http://resolver.kb.nl/resolve?urn=ddd:010144849:mpeg21:a0001;logo;drawing
ddd:010144851:mpeg21:p001:alto_1.jpg;artikel;Algemeen Handelsblad;1884-10-04;http://resolver.kb.nl/resolve?urn=ddd:010144851:mpeg21:a0001;logo;drawing
ddd:010144851:mpeg21:p001:alto_1.jpg;artikel;Algemeen Handelsblad;1884-10-04;http://resolver.kb.nl/resolve?urn=ddd:010144851:mpeg21:a0001;logo;drawing
ddd:010144855:mpeg21:p001:alto_1.jpg;artikel;Algemeen Handelsblad;1884-10-06;http://resolver.kb.nl/resolve?urn=ddd:010144855:mpeg21:a0001;logo;drawing
ddd:010144859:mpeg21:p001:alto_1.jpg;artikel;Algemeen Handelsblad;1884-10-08;http://resolver.kb.nl/resolve?urn=ddd:010144859:mpeg21:a0001;logo;drawing
ddd:010144861:mpeg21:p001:alto_1.jpg;artikel;Algemeen Handelsblad;1884-10-09;http://resolver.kb.nl/resolve?urn=ddd:010144861:mpeg21:a0001;logo;drawing
ddd:010144883:mpeg21:p001:alto_1.jpg;artikel;Algemeen Handelsblad;1884-10-22;http://resolver.kb.nl/resolve?urn=ddd:010144883:mpeg21:a0001;logo;drawing
ddd:010144885:mpeg21:p001:alto_1.jpg;artikel;Algemeen Handelsblad;1884-10-23;http://resolver.kb.nl/resolve?urn=ddd:010144885:mpeg21:a0001;logo;drawing
ddd:010144887:mpeg21:p001:alto_1.jpg;artikel;Algemeen Handelsblad;1884-10-24;http://resolver.kb.nl/resolve?urn=ddd:010144887:mpeg21:a0001;logo;drawing
ddd:010144889:mpeg21:p001:alto_1.jpg;artikel;Algemeen Handelsblad;1884-10-25;http://resolver.kb.nl/resolve?urn=ddd:010144889:mpeg21:a0001;logo;drawing
ddd:010144889:mpeg21:p001:alto_1.jpg;artikel;Algemeen Handelsblad;1884-10-25;http://resolver.kb.nl/resolve?urn=ddd:010144889:mpeg21:a0001;logo;drawing
ddd:010144891:mpeg21:p001:alto_1.jpg;artikel;Algemeen Handelsblad;1884-10-27;http://resolver.kb.nl/resolve?urn=ddd:010144891:mpeg21:a0001;logo;drawing
ddd:010144893:mpeg21:p001:alto_1.jpg;artikel;Algemeen Handelsblad;1884-10-28;http://resolver.kb.nl/resolve?urn=ddd:010144893:mpeg21:a0001;logo;drawing
ddd:010144897:mpeg21:p001:alto_1.jpg;artikel;Algemeen Handelsblad;1884-10-30;http://resolver.kb.nl/resolve?urn=ddd:010144897:mpeg21:a0002;logo;drawing
ddd:010144897:mpeg21:p001:alto_1.jpg;artikel;Algemeen Handelsblad;1884-10-30;http://resolver.kb.nl/resolve?urn=ddd:010144897:mpeg21:a0002;logo;drawing
ddd:010144899:mpeg21:p001:alto_1.jpg;artikel;Algemeen Handelsblad;1884-10-31;http://resolver.kb.nl/resolve?urn=ddd:010144899:mpeg21:a0001;logo;drawing
ddd:010493492:mpeg21:p001:alto_1.jpg;artikel;Algemeen Handelsblad;1884-09-12;http://resolver.kb.nl/resolve?urn=ddd:010493492:mpeg21:a0001;logo;drawing
ddd:010266526:mpeg21:p001:alto_1.jpg;artikel;De Tĳd : godsdienstig-staatkundig dagblad;1884-11-15;http://resolver.kb.nl/resolve?urn=ddd:010266526:mpeg21:a0001;logo;drawing
ddd:010507945:mpeg21:p006:alto_1.jpg;artikel;Java-bode : nieuws, handels- en advertentieblad voor Nederlandsch-Indie;1884-05-10;http://resolver.kb.nl/resolve?urn=ddd:010507945:mpeg21:a0038;schematics;drawing
ddd:010973395:mpeg21:p001:alto_1.jpg;artikel;Algemeen Handelsblad;1884-01-02;http://resolver.kb.nl/resolve?urn=ddd:010973395:mpeg21:a0001;logo;drawing
ddd:010973399:mpeg21:p001:alto_1.jpg;artikel;Algemeen Handelsblad;1884-01-04;http://resolver.kb.nl/resolve?urn=ddd:010973399:mpeg21:a0001;logo;drawing
ddd:010973399:mpeg21:p001:alto_1.jpg;artikel;Algemeen Handelsblad;1884-01-04;http://resolver.kb.nl/resolve?urn=ddd:010973399:mpeg21:a0001;logo;drawing
ddd:010973401:mpeg21:p001:alto_1.jpg;artikel;Algemeen Handelsblad;1884-01-05;http://resolver.kb.nl/resolve?urn=ddd:010973401:mpeg21:a0001;logo;drawing
ddd:010973401:mpeg21:p001:alto_1.jpg;artikel;Algemeen Handelsblad;1884-01-05;http://resolver.kb.nl/resolve?urn=ddd:010973401:mpeg21:a0001;logo;drawing
ddd:010973403:mpeg21:p001:alto_1.jpg;artikel;Algemeen Handelsblad;1884-01-06;http://resolver.kb.nl/resolve?urn=ddd:010973403:mpeg21:a0007;logo;drawing
ddd:010973403:mpeg21:p001:alto_1.jpg;artikel;Algemeen Handelsblad;1884-01-06;http://resolver.kb.nl/resolve?urn=ddd:010973403:mpeg21:a0007;logo;drawing
ddd:010973405:mpeg21:p001:alto_1.jpg;artikel;Algemeen Handelsblad;1884-01-07;http://resolver.kb.nl/resolve?urn=ddd:010973405:mpeg21:a0001;logo;drawing
ddd:010973407:mpeg21:p001:alto_1.jpg;artikel;Algemeen Handelsblad;1884-01-09;http://resolver.kb.nl/resolve?urn=ddd:010973407:mpeg21:a0001;logo;drawing
ddd:010973411:mpeg21:p001:alto_1.jpg;artikel;Algemeen Handelsblad;1884-01-11;http://resolver.kb.nl/resolve?urn=ddd:010973411:mpeg21:a0001;logo;drawing
ddd:010973413:mpeg21:p001:alto_1.jpg;artikel;Algemeen Handelsblad;1884-01-12;http://resolver.kb.nl/resolve?urn=ddd:010973413:mpeg21:a0001;logo;drawing
ddd:010973415:mpeg21:p001:alto_1.jpg;artikel;Algemeen Handelsblad;1884-01-13;http://resolver.kb.nl/resolve?urn=ddd:010973415:mpeg21:a0001;logo;drawing
ddd:010973417:mpeg21:p001:alto_1.jpg;artikel;Algemeen Handelsblad;1884-01-14;http://resolver.kb.nl/resolve?urn=ddd:010973417:mpeg21:a0001;logo;drawing
ddd:010973419:mpeg21:p001:alto_1.jpg;artikel;Algemeen Handelsblad;1884-01-16;http://resolver.kb.nl/resolve?urn=ddd:010973419:mpeg21:a0001;logo;drawing
ddd:010973421:mpeg21:p001:alto_1.jpg;artikel;Algemeen Handelsblad;1884-01-17;http://resolver.kb.nl/resolve?urn=ddd:010973421:mpeg21:a0001;logo;drawing
ddd:010973423:mpeg21:p001:alto_1.jpg;artikel;Algemeen Handelsblad;1884-01-18;http://resolver.kb.nl/resolve?urn=ddd:010973423:mpeg21:a0001;logo;drawing
ddd:010973423:mpeg21:p001:alto_1.jpg;artikel;Algemeen Handelsblad;1884-01-18;http://resolver.kb.nl/resolve?urn=ddd:010973423:mpeg21:a0001;logo;drawing
ddd:010973427:mpeg21:p001:alto_1.jpg;artikel;Algemeen Handelsblad;1884-01-20;http://resolver.kb.nl/resolve?urn=ddd:010973427:mpeg21:a0001;logo;drawing
ddd:010973426:mpeg21:p005:alto_1.jpg;artikel;Algemeen Handelsblad;1884-01-19;http://resolver.kb.nl/resolve?urn=ddd:010973426:mpeg21:a0041;logo;drawing
ddd:010973427:mpeg21:p001:alto_1.jpg;artikel;Algemeen Handelsblad;1884-01-20;http://resolver.kb.nl/resolve?urn=ddd:010973427:mpeg21:a0001;logo;drawing
ddd:010973429:mpeg21:p001:alto_1.jpg;artikel;Algemeen Handelsblad;1884-01-21;http://resolver.kb.nl/resolve?urn=ddd:010973429:mpeg21:a0001;logo;drawing
ddd:010973431:mpeg21:p001:alto_1.jpg;artikel;Algemeen Handelsblad;1884-01-23;http://resolver.kb.nl/resolve?urn=ddd:010973431:mpeg21:a0001;logo;drawing
ddd:010973431:mpeg21:p001:alto_1.jpg;artikel;Algemeen Handelsblad;1884-01-23;http://resolver.kb.nl/resolve?urn=ddd:010973431:mpeg21:a0001;logo;drawing
ddd:010973433:mpeg21:p001:alto_1.jpg;artikel;Algemeen Handelsblad;1884-01-24;http://resolver.kb.nl/resolve?urn=ddd:010973433:mpeg21:a0001;logo;drawing
ddd:010973435:mpeg21:p001:alto_1.jpg;artikel;Algemeen Handelsblad;1884-01-25;http://resolver.kb.nl/resolve?urn=ddd:010973435:mpeg21:a0001;logo;drawing
ddd:010973437:mpeg21:p001:alto_1.jpg;artikel;Algemeen Handelsblad;1884-01-26;http://resolver.kb.nl/resolve?urn=ddd:010973437:mpeg21:a0001;logo;drawing
ddd:010973439:mpeg21:p001:alto_1.jpg;artikel;Algemeen Handelsblad;1884-01-27;http://resolver.kb.nl/resolve?urn=ddd:010973439:mpeg21:a0001;logo;drawing
ddd:010973441:mpeg21:p001:alto_1.jpg;artikel;Algemeen Handelsblad;1884-01-28;http://resolver.kb.nl/resolve?urn=ddd:010973441:mpeg21:a0001;logo;drawing
ddd:010973441:mpeg21:p001:alto_1.jpg;artikel;Algemeen Handelsblad;1884-01-28;http://resolver.kb.nl/resolve?urn=ddd:010973441:mpeg21:a0001;logo;drawing
ddd:010973443:mpeg21:p001:alto_1.jpg;artikel;Algemeen Handelsblad;1884-01-30;http://resolver.kb.nl/resolve?urn=ddd:010973443:mpeg21:a0001;logo;drawing
ddd:010973445:mpeg21:p001:alto_1.jpg;artikel;Algemeen Handelsblad;1884-01-31;http://resolver.kb.nl/resolve?urn=ddd:010973445:mpeg21:a0001;logo;drawing
ddd:010973447:mpeg21:p001:alto_1.jpg;artikel;Algemeen Handelsblad;1884-02-01;http://resolver.kb.nl/resolve?urn=ddd:010973447:mpeg21:a0001;logo;drawing
ddd:010973448:mpeg21:p001:alto_1.jpg;artikel;Algemeen Handelsblad;1884-02-02;http://resolver.kb.nl/resolve?urn=ddd:010973448:mpeg21:a0001;logo;drawing
ddd:010973450:mpeg21:p001:alto_1.jpg;artikel;Algemeen Handelsblad;1884-02-03;http://resolver.kb.nl/resolve?urn=ddd:010973450:mpeg21:a0001;logo;drawing
ddd:010973450:mpeg21:p001:alto_1.jpg;artikel;Algemeen Handelsblad;1884-02-03;http://resolver.kb.nl/resolve?urn=ddd:010973450:mpeg21:a0001;logo;drawing
ddd:010973452:mpeg21:p001:alto_1.jpg;artikel;Algemeen Handelsblad;1884-02-04;http://resolver.kb.nl/resolve?urn=ddd:010973452:mpeg21:a0001;logo;drawing
ddd:010973457:mpeg21:p001:alto_1.jpg;artikel;Algemeen Handelsblad;1884-02-07;http://resolver.kb.nl/resolve?urn=ddd:010973457:mpeg21:a0001;logo;drawing
ddd:010973457:mpeg21:p001:alto_1.jpg;artikel;Algemeen Handelsblad;1884-02-07;http://resolver.kb.nl/resolve?urn=ddd:010973457:mpeg21:a0001;logo;drawing
ddd:010973461:mpeg21:p001:alto_1.jpg;artikel;Algemeen Handelsblad;1884-02-09;http://resolver.kb.nl/resolve?urn=ddd:010973461:mpeg21:a0001;logo;drawing
ddd:010973461:mpeg21:p001:alto_1.jpg;artikel;Algemeen Handelsblad;1884-02-09;http://resolver.kb.nl/resolve?urn=ddd:010973461:mpeg21:a0001;logo;drawing
ddd:010973463:mpeg21:p001:alto_1.jpg;artikel;Algemeen Handelsblad;1884-02-10;http://resolver.kb.nl/resolve?urn=ddd:010973463:mpeg21:a0001;logo;drawing
ddd:010973463:mpeg21:p001:alto_1.jpg;artikel;Algemeen Handelsblad;1884-02-10;http://resolver.kb.nl/resolve?urn=ddd:010973463:mpeg21:a0001;logo;drawing
ddd:010973465:mpeg21:p001:alto_1.jpg;artikel;Algemeen Handelsblad;1884-02-11;http://resolver.kb.nl/resolve?urn=ddd:010973465:mpeg21:a0001;logo;drawing
ddd:010973470:mpeg21:p001:alto_1.jpg;artikel;Algemeen Handelsblad;1884-02-14;http://resolver.kb.nl/resolve?urn=ddd:010973470:mpeg21:a0001;logo;drawing
ddd:010973472:mpeg21:p001:alto_1.jpg;artikel;Algemeen Handelsblad;1884-02-15;http://resolver.kb.nl/resolve?urn=ddd:010973472:mpeg21:a0001;logo;drawing
ddd:010973474:mpeg21:p001:alto_1.jpg;artikel;Algemeen Handelsblad;1884-02-16;http://resolver.kb.nl/resolve?urn=ddd:010973474:mpeg21:a0001;logo;drawing
ddd:010973476:mpeg21:p001:alto_1.jpg;artikel;Algemeen Handelsblad;1884-02-17;http://resolver.kb.nl/resolve?urn=ddd:010973476:mpeg21:a0001;logo;drawing
ddd:010973476:mpeg21:p001:alto_1.jpg;artikel;Algemeen Handelsblad;1884-02-17;http://resolver.kb.nl/resolve?urn=ddd:010973476:mpeg21:a0001;logo;drawing
ddd:010973478:mpeg21:p001:alto_1.jpg;artikel;Algemeen Handelsblad;1884-02-18;http://resolver.kb.nl/resolve?urn=ddd:010973478:mpeg21:a0001;logo;drawing
ddd:010973479:mpeg21:p001:alto_1.jpg;artikel;Algemeen Handelsblad;1884-02-19;http://resolver.kb.nl/resolve?urn=ddd:010973479:mpeg21:a0001;logo;drawing
ddd:010973480:mpeg21:p005:alto_1.jpg;artikel;Algemeen Handelsblad;1884-02-19;http://resolver.kb.nl/resolve?urn=ddd:010973480:mpeg21:a0042;logo;drawing
ddd:010973481:mpeg21:p001:alto_1.jpg;artikel;Algemeen Handelsblad;1884-02-20;http://resolver.kb.nl/resolve?urn=ddd:010973481:mpeg21:a0001;logo;drawing
ddd:010973482:mpeg21:p005:alto_1.jpg;artikel;Algemeen Handelsblad;1884-02-20;http://resolver.kb.nl/resolve?urn=ddd:010973482:mpeg21:a0042;maps;drawing
ddd:010973483:mpeg21:p001:alto_1.jpg;artikel;Algemeen Handelsblad;1884-02-21;http://resolver.kb.nl/resolve?urn=ddd:010973483:mpeg21:a0001;logo;drawing
ddd:010973487:mpeg21:p001:alto_1.jpg;artikel;Algemeen Handelsblad;1884-02-23;http://resolver.kb.nl/resolve?urn=ddd:010973487:mpeg21:a0001;logo;drawing
ddd:010973489:mpeg21:p001:alto_1.jpg;artikel;Algemeen Handelsblad;1884-02-24;http://resolver.kb.nl/resolve?urn=ddd:010973489:mpeg21:a0001;logo;drawing
ddd:010973491:mpeg21:p001:alto_1.jpg;artikel;Algemeen Handelsblad;1884-02-25;http://resolver.kb.nl/resolve?urn=ddd:010973491:mpeg21:a0001;logo;drawing
ddd:010973492:mpeg21:p001:alto_1.jpg;artikel;Algemeen Handelsblad;1884-02-26;http://resolver.kb.nl/resolve?urn=ddd:010973492:mpeg21:a0001;logo;drawing
ddd:010973494:mpeg21:p001:alto_1.jpg;artikel;Algemeen Handelsblad;1884-02-27;http://resolver.kb.nl/resolve?urn=ddd:010973494:mpeg21:a0001;logo;drawing
ddd:010973496:mpeg21:p001:alto_1.jpg;artikel;Algemeen Handelsblad;1884-02-28;http://resolver.kb.nl/resolve?urn=ddd:010973496:mpeg21:a0001;logo;drawing
ddd:010973498:mpeg21:p001:alto_1.jpg;artikel;Algemeen Handelsblad;1884-02-29;http://resolver.kb.nl/resolve?urn=ddd:010973498:mpeg21:a0001;logo;drawing
ddd:010973500:mpeg21:p001:alto_1.jpg;artikel;Algemeen Handelsblad;1884-03-01;http://resolver.kb.nl/resolve?urn=ddd:010973500:mpeg21:a0001;logo;drawing
ddd:010973500:mpeg21:p001:alto_1.jpg;artikel;Algemeen Handelsblad;1884-03-01;http://resolver.kb.nl/resolve?urn=ddd:010973500:mpeg21:a0001;logo;drawing
ddd:010973502:mpeg21:p001:alto_1.jpg;artikel;Algemeen Handelsblad;1884-03-02;http://resolver.kb.nl/resolve?urn=ddd:010973502:mpeg21:a0001;logo;drawing
ddd:010973502:mpeg21:p001:alto_1.jpg;artikel;Algemeen Handelsblad;1884-03-02;http://resolver.kb.nl/resolve?urn=ddd:010973502:mpeg21:a0001;logo;drawing
ddd:010973504:mpeg21:p001:alto_1.jpg;artikel;Algemeen Handelsblad;1884-03-03;http://resolver.kb.nl/resolve?urn=ddd:010973504:mpeg21:a0001;logo;drawing
ddd:010973506:mpeg21:p001:alto_1.jpg;artikel;Algemeen Handelsblad;1884-03-05;http://resolver.kb.nl/resolve?urn=ddd:010973506:mpeg21:a0001;logo;drawing
ddd:010973508:mpeg21:p001:alto_1.jpg;artikel;Algemeen Handelsblad;1884-03-06;http://resolver.kb.nl/resolve?urn=ddd:010973508:mpeg21:a0001;logo;drawing
ddd:010973508:mpeg21:p001:alto_1.jpg;artikel;Algemeen Handelsblad;1884-03-06;http://resolver.kb.nl/resolve?urn=ddd:010973508:mpeg21:a0001;logo;drawing
ddd:010973511:mpeg21:p001:alto_1.jpg;artikel;Algemeen Handelsblad;1884-03-07;http://resolver.kb.nl/resolve?urn=ddd:010973511:mpeg21:a0001;schematics;drawing
ddd:010973511:mpeg21:p001:alto_1.jpg;artikel;Algemeen Handelsblad;1884-03-07;http://resolver.kb.nl/resolve?urn=ddd:010973511:mpeg21:a0001;schematics;drawing
ddd:010973512:mpeg21:p001:alto_1.jpg;artikel;Algemeen Handelsblad;1884-03-08;http://resolver.kb.nl/resolve?urn=ddd:010973512:mpeg21:a0001;logo;drawing
ddd:010973515:mpeg21:p006:alto_1.jpg;artikel;Algemeen Handelsblad;1884-03-09;http://resolver.kb.nl/resolve?urn=ddd:010973515:mpeg21:a0052;schematics;drawing
ddd:010973516:mpeg21:p001:alto_1.jpg;artikel;Algemeen Handelsblad;1884-03-10;http://resolver.kb.nl/resolve?urn=ddd:010973516:mpeg21:a0001;logo;drawing
ddd:010973518:mpeg21:p001:alto_1.jpg;artikel;Algemeen Handelsblad;1884-03-12;http://resolver.kb.nl/resolve?urn=ddd:010973518:mpeg21:a0001;logo;drawing
ddd:010973518:mpeg21:p001:alto_1.jpg;artikel;Algemeen Handelsblad;1884-03-12;http://resolver.kb.nl/resolve?urn=ddd:010973518:mpeg21:a0001;logo;drawing
ddd:010973520:mpeg21:p001:alto_1.jpg;artikel;Algemeen Handelsblad;1884-03-13;http://resolver.kb.nl/resolve?urn=ddd:010973520:mpeg21:a0001;logo;drawing
ddd:010973520:mpeg21:p001:alto_1.jpg;artikel;Algemeen Handelsblad;1884-03-13;http://resolver.kb.nl/resolve?urn=ddd:010973520:mpeg21:a0001;logo;drawing
ddd:010973522:mpeg21:p001:alto_1.jpg;artikel;Algemeen Handelsblad;1884-03-13;http://resolver.kb.nl/resolve?urn=ddd:010973522:mpeg21:a0001;logo;drawing
ddd:010973523:mpeg21:p001:alto_1.jpg;artikel;Algemeen Handelsblad;1884-03-14;http://resolver.kb.nl/resolve?urn=ddd:010973523:mpeg21:a0001;logo;drawing
ddd:010973525:mpeg21:p001:alto_1.jpg;artikel;Algemeen Handelsblad;1884-03-15;http://resolver.kb.nl/resolve?urn=ddd:010973525:mpeg21:a0001;logo;drawing
ddd:010973525:mpeg21:p001:alto_1.jpg;artikel;Algemeen Handelsblad;1884-03-15;http://resolver.kb.nl/resolve?urn=ddd:010973525:mpeg21:a0001;logo;drawing
ddd:010973529:mpeg21:p001:alto_1.jpg;artikel;Algemeen Handelsblad;1884-03-17;http://resolver.kb.nl/resolve?urn=ddd:010973529:mpeg21:a0001;logo;drawing
ddd:010973529:mpeg21:p001:alto_1.jpg;artikel;Algemeen Handelsblad;1884-03-17;http://resolver.kb.nl/resolve?urn=ddd:010973529:mpeg21:a0001;logo;drawing
ddd:010973531:mpeg21:p001:alto_1.jpg;artikel;Algemeen Handelsblad;1884-03-19;http://resolver.kb.nl/resolve?urn=ddd:010973531:mpeg21:a0001;logo;drawing
ddd:010973533:mpeg21:p001:alto_1.jpg;artikel;Algemeen Handelsblad;1884-03-20;http://resolver.kb.nl/resolve?urn=ddd:010973533:mpeg21:a0001;logo;drawing
ddd:010973533:mpeg21:p001:alto_1.jpg;artikel;Algemeen Handelsblad;1884-03-20;http://resolver.kb.nl/resolve?urn=ddd:010973533:mpeg21:a0001;logo;drawing
ddd:010973535:mpeg21:p001:alto_1.jpg;artikel;Algemeen Handelsblad;1884-03-21;http://resolver.kb.nl/resolve?urn=ddd:010973535:mpeg21:a0001;logo;drawing
ddd:010973535:mpeg21:p001:alto_1.jpg;artikel;Algemeen Handelsblad;1884-03-21;http://resolver.kb.nl/resolve?urn=ddd:010973535:mpeg21:a0001;logo;drawing
ddd:010973537:mpeg21:p001:alto_1.jpg;artikel;Algemeen Handelsblad;1884-03-22;http://resolver.kb.nl/resolve?urn=ddd:010973537:mpeg21:a0001;logo;drawing
ddd:010973539:mpeg21:p001:alto_1.jpg;artikel;Algemeen Handelsblad;1884-03-23;http://resolver.kb.nl/resolve?urn=ddd:010973539:mpeg21:a0001;logo;drawing
ddd:010973544:mpeg21:p001:alto_1.jpg;artikel;Algemeen Handelsblad;1884-03-26;http://resolver.kb.nl/resolve?urn=ddd:010973544:mpeg21:a0001;logo;drawing
ddd:010973546:mpeg21:p001:alto_1.jpg;artikel;Algemeen Handelsblad;1884-03-27;http://resolver.kb.nl/resolve?urn=ddd:010973546:mpeg21:a0001;logo;drawing
ddd:010973546:mpeg21:p001:alto_1.jpg;artikel;Algemeen Handelsblad;1884-03-27;http://resolver.kb.nl/resolve?urn=ddd:010973546:mpeg21:a0001;logo;drawing
ddd:010973548:mpeg21:p001:alto_1.jpg;artikel;Algemeen Handelsblad;1884-03-28;http://resolver.kb.nl/resolve?urn=ddd:010973548:mpeg21:a0001;logo;drawing
ddd:010973550:mpeg21:p001:alto_1.jpg;artikel;Algemeen Handelsblad;1884-03-29;http://resolver.kb.nl/resolve?urn=ddd:010973550:mpeg21:a0001;logo;drawing
ddd:010973552:mpeg21:p001:alto_1.jpg;artikel;Algemeen Handelsblad;1884-03-30;http://resolver.kb.nl/resolve?urn=ddd:010973552:mpeg21:a0001;logo;drawing
ddd:010973552:mpeg21:p001:alto_1.jpg;artikel;Algemeen Handelsblad;1884-03-30;http://resolver.kb.nl/resolve?urn=ddd:010973552:mpeg21:a0001;logo;drawing
ddd:010973554:mpeg21:p001:alto_1.jpg;artikel;Algemeen Handelsblad;1884-03-31;http://resolver.kb.nl/resolve?urn=ddd:010973554:mpeg21:a0001;logo;drawing
ddd:011068540:mpeg21:p001:alto_1.jpg;artikel;De standaard;1884-03-06;http://resolver.kb.nl/resolve?urn=ddd:011068540:mpeg21:a0002;sheetmusic;drawing
ddd:010144284:mpeg21:p001:alto_1.jpg;artikel;Algemeen Handelsblad;1884-07-03;http://resolver.kb.nl/resolve?urn=ddd:010144284:mpeg21:a0001;logo;drawing
ddd:010144284:mpeg21:p001:alto_1.jpg;artikel;Algemeen Handelsblad;1884-07-03;http://resolver.kb.nl/resolve?urn=ddd:010144284:mpeg21:a0001;logo;drawing
ddd:010144286:mpeg21:p001:alto_1.jpg;artikel;Algemeen Handelsblad;1884-07-04;http://resolver.kb.nl/resolve?urn=ddd:010144286:mpeg21:a0001;logo;drawing
ddd:010144288:mpeg21:p001:alto_1.jpg;artikel;Algemeen Handelsblad;1884-07-05;http://resolver.kb.nl/resolve?urn=ddd:010144288:mpeg21:a0001;logo;drawing
ddd:010144290:mpeg21:p001:alto_1.jpg;artikel;Algemeen Handelsblad;1884-07-07;http://resolver.kb.nl/resolve?urn=ddd:010144290:mpeg21:a0001;logo;drawing
ddd:010144290:mpeg21:p001:alto_1.jpg;artikel;Algemeen Handelsblad;1884-07-07;http://resolver.kb.nl/resolve?urn=ddd:010144290:mpeg21:a0001;logo;drawing
ddd:010144294:mpeg21:p001:alto_1.jpg;artikel;Algemeen Handelsblad;1884-07-09;http://resolver.kb.nl/resolve?urn=ddd:010144294:mpeg21:a0001;logo;drawing
ddd:010144294:mpeg21:p001:alto_1.jpg;artikel;Algemeen Handelsblad;1884-07-09;http://resolver.kb.nl/resolve?urn=ddd:010144294:mpeg21:a0001;logo;drawing
ddd:010144296:mpeg21:p001:alto_1.jpg;artikel;Algemeen Handelsblad;1884-07-10;http://resolver.kb.nl/resolve?urn=ddd:010144296:mpeg21:a0001;logo;drawing
ddd:010144298:mpeg21:p001:alto_1.jpg;artikel;Algemeen Handelsblad;1884-07-11;http://resolver.kb.nl/resolve?urn=ddd:010144298:mpeg21:a0001;logo;drawing
ddd:010144300:mpeg21:p001:alto_1.jpg;artikel;Algemeen Handelsblad;1884-07-12;http://resolver.kb.nl/resolve?urn=ddd:010144300:mpeg21:a0001;logo;drawing
ddd:010144301:mpeg21:p003:alto_1.jpg;artikel;Algemeen Handelsblad;1884-07-13;http://resolver.kb.nl/resolve?urn=ddd:010144301:mpeg21:a0014;schematics;drawing
ddd:010144301:mpeg21:p003:alto_1.jpg;artikel;Algemeen Handelsblad;1884-07-13;http://resolver.kb.nl/resolve?urn=ddd:010144301:mpeg21:a0014;schematics;drawing
ddd:010144302:mpeg21:p001:alto_1.jpg;artikel;Algemeen Handelsblad;1884-07-14;http://resolver.kb.nl/resolve?urn=ddd:010144302:mpeg21:a0001;logo;drawing
ddd:010144303:mpeg21:p007:alto_1.jpg;artikel;Algemeen Handelsblad;1884-07-15;http://resolver.kb.nl/resolve?urn=ddd:010144303:mpeg21:a0068;logo;drawing
ddd:010144305:mpeg21:p001:alto_1.jpg;artikel;Algemeen Handelsblad;1884-07-16;http://resolver.kb.nl/resolve?urn=ddd:010144305:mpeg21:a0001;logo;drawing
ddd:010144307:mpeg21:p001:alto_1.jpg;artikel;Algemeen Handelsblad;1884-07-17;http://resolver.kb.nl/resolve?urn=ddd:010144307:mpeg21:a0001;logo;drawing
ddd:010144307:mpeg21:p001:alto_1.jpg;artikel;Algemeen Handelsblad;1884-07-17;http://resolver.kb.nl/resolve?urn=ddd:010144307:mpeg21:a0001;logo;drawing
ddd:010144309:mpeg21:p001:alto_1.jpg;artikel;Algemeen Handelsblad;1884-07-18;http://resolver.kb.nl/resolve?urn=ddd:010144309:mpeg21:a0001;logo;drawing
ddd:010144311:mpeg21:p001:alto_1.jpg;artikel;Algemeen Handelsblad;1884-07-19;http://resolver.kb.nl/resolve?urn=ddd:010144311:mpeg21:a0001;logo;drawing
ddd:010144315:mpeg21:p001:alto_1.jpg;artikel;Algemeen Handelsblad;1884-07-22;http://resolver.kb.nl/resolve?urn=ddd:010144315:mpeg21:a0001;logo;drawing
ddd:010144317:mpeg21:p001:alto_1.jpg;artikel;Algemeen Handelsblad;1884-07-23;http://resolver.kb.nl/resolve?urn=ddd:010144317:mpeg21:a0001;logo;drawing
ddd:010144317:mpeg21:p001:alto_1.jpg;artikel;Algemeen Handelsblad;1884-07-23;http://resolver.kb.nl/resolve?urn=ddd:010144317:mpeg21:a0001;logo;drawing
ddd:010144321:mpeg21:p001:alto_1.jpg;artikel;Algemeen Handelsblad;1884-07-25;http://resolver.kb.nl/resolve?urn=ddd:010144321:mpeg21:a0001;logo;drawing
ddd:010144323:mpeg21:p001:alto_1.jpg;artikel;Algemeen Handelsblad;1884-07-26;http://resolver.kb.nl/resolve?urn=ddd:010144323:mpeg21:a0001;logo;drawing
ddd:010144323:mpeg21:p001:alto_1.jpg;artikel;Algemeen Handelsblad;1884-07-26;http://resolver.kb.nl/resolve?urn=ddd:010144323:mpeg21:a0001;logo;drawing
ddd:010144325:mpeg21:p001:alto_1.jpg;artikel;Algemeen Handelsblad;1884-07-28;http://resolver.kb.nl/resolve?urn=ddd:010144325:mpeg21:a0001;logo;drawing
ddd:010144327:mpeg21:p001:alto_1.jpg;artikel;Algemeen Handelsblad;1884-07-29;http://resolver.kb.nl/resolve?urn=ddd:010144327:mpeg21:a0001;logo;drawing
ddd:010144329:mpeg21:p001:alto_1.jpg;artikel;Algemeen Handelsblad;1884-07-30;http://resolver.kb.nl/resolve?urn=ddd:010144329:mpeg21:a0001;logo;drawing
ddd:010144331:mpeg21:p001:alto_1.jpg;artikel;Algemeen Handelsblad;1884-07-31;http://resolver.kb.nl/resolve?urn=ddd:010144331:mpeg21:a0001;logo;drawing
ddd:010144332:mpeg21:p001:alto_1.jpg;artikel;Algemeen Handelsblad;1884-08-01;http://resolver.kb.nl/resolve?urn=ddd:010144332:mpeg21:a0001;logo;drawing
ddd:010144332:mpeg21:p001:alto_1.jpg;artikel;Algemeen Handelsblad;1884-08-01;http://resolver.kb.nl/resolve?urn=ddd:010144332:mpeg21:a0001;logo;drawing
ddd:010144335:mpeg21:p001:alto_1.jpg;artikel;Algemeen Handelsblad;1884-08-02;http://resolver.kb.nl/resolve?urn=ddd:010144335:mpeg21:a0001;logo;drawing
ddd:010144335:mpeg21:p001:alto_1.jpg;artikel;Algemeen Handelsblad;1884-08-02;http://resolver.kb.nl/resolve?urn=ddd:010144335:mpeg21:a0001;logo;drawing
ddd:010144337:mpeg21:p001:alto_1.jpg;artikel;Algemeen Handelsblad;1884-08-04;http://resolver.kb.nl/resolve?urn=ddd:010144337:mpeg21:a0001;logo;drawing
ddd:010144337:mpeg21:p001:alto_1.jpg;artikel;Algemeen Handelsblad;1884-08-04;http://resolver.kb.nl/resolve?urn=ddd:010144337:mpeg21:a0001;logo;drawing
ddd:010144341:mpeg21:p001:alto_1.jpg;artikel;Algemeen Handelsblad;1884-08-06;http://resolver.kb.nl/resolve?urn=ddd:010144341:mpeg21:a0001;logo;drawing
ddd:010144345:mpeg21:p001:alto_1.jpg;artikel;Algemeen Handelsblad;1884-08-08;http://resolver.kb.nl/resolve?urn=ddd:010144345:mpeg21:a0001;logo;drawing
ddd:010144347:mpeg21:p001:alto_1.jpg;artikel;Algemeen Handelsblad;1884-08-09;http://resolver.kb.nl/resolve?urn=ddd:010144347:mpeg21:a0001;logo;drawing
ddd:010144349:mpeg21:p001:alto_1.jpg;artikel;Algemeen Handelsblad;1884-08-11;http://resolver.kb.nl/resolve?urn=ddd:010144349:mpeg21:a0001;logo;drawing
ddd:010144351:mpeg21:p001:alto_1.jpg;artikel;Algemeen Handelsblad;1884-08-12;http://resolver.kb.nl/resolve?urn=ddd:010144351:mpeg21:a0001;logo;drawing
ddd:010144353:mpeg21:p001:alto_1.jpg;artikel;Algemeen Handelsblad;1884-08-13;http://resolver.kb.nl/resolve?urn=ddd:010144353:mpeg21:a0001;logo;drawing
ddd:010144358:mpeg21:p001:alto_1.jpg;artikel;Algemeen Handelsblad;1884-08-15;http://resolver.kb.nl/resolve?urn=ddd:010144358:mpeg21:a0001;logo;drawing
ddd:010144358:mpeg21:p001:alto_1.jpg;artikel;Algemeen Handelsblad;1884-08-15;http://resolver.kb.nl/resolve?urn=ddd:010144358:mpeg21:a0001;logo;drawing
ddd:010144360:mpeg21:p001:alto_1.jpg;artikel;Algemeen Handelsblad;1884-08-16;http://resolver.kb.nl/resolve?urn=ddd:010144360:mpeg21:a0001;logo;drawing
ddd:010144362:mpeg21:p001:alto_1.jpg;artikel;Algemeen Handelsblad;1884-08-18;http://resolver.kb.nl/resolve?urn=ddd:010144362:mpeg21:a0001;logo;drawing
ddd:010144368:mpeg21:p001:alto_1.jpg;artikel;Algemeen Handelsblad;1884-08-21;http://resolver.kb.nl/resolve?urn=ddd:010144368:mpeg21:a0001;logo;drawing
ddd:010144369:mpeg21:p005:alto_1.jpg;artikel;Algemeen Handelsblad;1884-08-22;http://resolver.kb.nl/resolve?urn=ddd:010144369:mpeg21:a0043;logo;drawing
ddd:010144369:mpeg21:p005:alto_1.jpg;artikel;Algemeen Handelsblad;1884-08-22;http://resolver.kb.nl/resolve?urn=ddd:010144369:mpeg21:a0043;logo;drawing
ddd:010144371:mpeg21:p001:alto_1.jpg;artikel;Algemeen Handelsblad;1884-08-23;http://resolver.kb.nl/resolve?urn=ddd:010144371:mpeg21:a0001;logo;drawing
ddd:010144371:mpeg21:p001:alto_1.jpg;artikel;Algemeen Handelsblad;1884-08-23;http://resolver.kb.nl/resolve?urn=ddd:010144371:mpeg21:a0001;logo;drawing
ddd:010144373:mpeg21:p001:alto_1.jpg;artikel;Algemeen Handelsblad;1884-08-25;http://resolver.kb.nl/resolve?urn=ddd:010144373:mpeg21:a0001;logo;drawing
ddd:010144373:mpeg21:p001:alto_1.jpg;artikel;Algemeen Handelsblad;1884-08-25;http://resolver.kb.nl/resolve?urn=ddd:010144373:mpeg21:a0001;logo;drawing
ddd:010144375:mpeg21:p001:alto_1.jpg;artikel;Algemeen Handelsblad;1884-08-26;http://resolver.kb.nl/resolve?urn=ddd:010144375:mpeg21:a0001;logo;drawing
ddd:010144376:mpeg21:p001:alto_1.jpg;artikel;Algemeen Handelsblad;1884-08-27;http://resolver.kb.nl/resolve?urn=ddd:010144376:mpeg21:a0001;logo;drawing
ddd:010144376:mpeg21:p001:alto_1.jpg;artikel;Algemeen Handelsblad;1884-08-27;http://resolver.kb.nl/resolve?urn=ddd:010144376:mpeg21:a0001;logo;drawing
ddd:010144377:mpeg21:p001:alto_1.jpg;artikel;Algemeen Handelsblad;1884-08-27;http://resolver.kb.nl/resolve?urn=ddd:010144377:mpeg21:a0001;logo;drawing
ddd:010144381:mpeg21:p001:alto_1.jpg;artikel;Algemeen Handelsblad;1884-08-29;http://resolver.kb.nl/resolve?urn=ddd:010144381:mpeg21:a0001;logo;drawing
ddd:010144382:mpeg21:p007:alto_1.jpg;artikel;Algemeen Handelsblad;1884-08-30;http://resolver.kb.nl/resolve?urn=ddd:010144382:mpeg21:a0064;logo;drawing
ddd:010144382:mpeg21:p007:alto_1.jpg;artikel;Algemeen Handelsblad;1884-08-30;http://resolver.kb.nl/resolve?urn=ddd:010144382:mpeg21:a0064;logo;drawing
ddd:010266299:mpeg21:p001:alto_1.jpg;artikel;De Tĳd : godsdienstig-staatkundig dagblad;1884-02-16;http://resolver.kb.nl/resolve?urn=ddd:010266299:mpeg21:a0001;logo;drawing
ddd:010266300:mpeg21:p001:alto_1.jpg;artikel;De Tĳd : godsdienstig-staatkundig dagblad;1884-02-18;http://resolver.kb.nl/resolve?urn=ddd:010266300:mpeg21:a0001;logo;drawing
ddd:010266300:mpeg21:p001:alto_1.jpg;artikel;De Tĳd : godsdienstig-staatkundig dagblad;1884-02-18;http://resolver.kb.nl/resolve?urn=ddd:010266300:mpeg21:a0001;logo;drawing
ddd:010266337:mpeg21:p001:alto_1.jpg;artikel;De Tĳd : godsdienstig-staatkundig dagblad;1884-04-02;http://resolver.kb.nl/resolve?urn=ddd:010266337:mpeg21:a0001;logo;drawing
ddd:010266355:mpeg21:p001:alto_1.jpg;artikel;De Tĳd : godsdienstig-staatkundig dagblad;1884-04-24;http://resolver.kb.nl/resolve?urn=ddd:010266355:mpeg21:a0001;logo;drawing
ddd:010266356:mpeg21:p001:alto_1.jpg;artikel;De Tĳd : godsdienstig-staatkundig dagblad;1884-04-25;http://resolver.kb.nl/resolve?urn=ddd:010266356:mpeg21:a0001;logo;drawing
ddd:010589007:mpeg21:p011:alto_1.jpg;artikel;Leeuwarder courant;1884-11-28;http://resolver.kb.nl/resolve?urn=ddd:010589007:mpeg21:a0086;logo;drawing
ddd:010589007:mpeg21:p011:alto_1.jpg;artikel;Leeuwarder courant;1884-11-28;http://resolver.kb.nl/resolve?urn=ddd:010589007:mpeg21:a0086;logo;drawing
ddd:010588800:mpeg21:p001:alto_1.jpg;artikel;Leeuwarder courant;1884-03-28;http://resolver.kb.nl/resolve?urn=ddd:010588800:mpeg21:a0001;logo;drawing
ddd:010588800:mpeg21:p001:alto_1.jpg;artikel;Leeuwarder courant;1884-03-28;http://resolver.kb.nl/resolve?urn=ddd:010588800:mpeg21:a0001;logo;drawing
ddd:011086914:mpeg21:p002:alto_1.jpg;artikel;Soerabaijasch handelsblad;1884-11-25;http://resolver.kb.nl/resolve?urn=ddd:011086914:mpeg21:a0006;schematics;drawing
ddd:011086932:mpeg21:p002:alto_1.jpg;artikel;Soerabaijasch handelsblad;1884-12-17;http://resolver.kb.nl/resolve?urn=ddd:011086932:mpeg21:a0005;schematics;drawing
ddd:011102961:mpeg21:p001:alto_1.jpg;artikel;Sumatra-courant : nieuws- en advertentieblad;1884-11-27;http://resolver.kb.nl/resolve?urn=ddd:011102961:mpeg21:a0003;schematics;drawing
ddd:011211489:mpeg21:p001:alto_1.jpg;artikel;Amigoe di Curacao : weekblad voor de Curacaosche eilanden;1884-07-26;http://resolver.kb.nl/resolve?urn=ddd:011211489:mpeg21:a0001;logo;drawing
MMHCO01:000062897:mpeg21:p004:alto_1.jpg;artikel;Provinciale Overijsselsche en Zwolsche courant;1884-07-02;http://resolver.kb.nl/resolve?urn=MMHCO01:000062897:mpeg21:a0013;chess;drawing
MMHCO01:000062897:mpeg21:p004:alto_1.jpg;artikel;Provinciale Overijsselsche en Zwolsche courant;1884-07-02;http://resolver.kb.nl/resolve?urn=MMHCO01:000062897:mpeg21:a0013;chess;drawing
MMHCO01:000062909:mpeg21:p003:alto_1.jpg;artikel;Provinciale Overijsselsche en Zwolsche courant;1884-07-16;http://resolver.kb.nl/resolve?urn=MMHCO01:000062909:mpeg21:a0012;chess;drawing
MMHCO01:000062909:mpeg21:p003:alto_1.jpg;artikel;Provinciale Overijsselsche en Zwolsche courant;1884-07-16;http://resolver.kb.nl/resolve?urn=MMHCO01:000062909:mpeg21:a0012;chess;drawing
MMHCO01:000062920:mpeg21:p003:alto_1.jpg;artikel;Provinciale Overijsselsche en Zwolsche courant;1884-07-23;http://resolver.kb.nl/resolve?urn=MMHCO01:000062920:mpeg21:a0011;chess;drawing
MMHCO01:000062920:mpeg21:p003:alto_1.jpg;artikel;Provinciale Overijsselsche en Zwolsche courant;1884-07-23;http://resolver.kb.nl/resolve?urn=MMHCO01:000062920:mpeg21:a0011;chess;drawing
MMHCO01:000062926:mpeg21:p003:alto_1.jpg;artikel;Provinciale Overijsselsche en Zwolsche courant;1884-07-30;http://resolver.kb.nl/resolve?urn=MMHCO01:000062926:mpeg21:a0009;chess;drawing
MMHCO01:000062926:mpeg21:p003:alto_1.jpg;artikel;Provinciale Overijsselsche en Zwolsche courant;1884-07-30;http://resolver.kb.nl/resolve?urn=MMHCO01:000062926:mpeg21:a0009;chess;drawing
MMHCO01:000062936:mpeg21:p004:alto_1.jpg;artikel;Provinciale Overijsselsche en Zwolsche courant;1884-08-07;http://resolver.kb.nl/resolve?urn=MMHCO01:000062936:mpeg21:a0013;chess;drawing
MMHCO01:000062946:mpeg21:p004:alto_1.jpg;artikel;Provinciale Overijsselsche en Zwolsche courant;1884-08-13;http://resolver.kb.nl/resolve?urn=MMHCO01:000062946:mpeg21:a0013;chess;drawing
MMHCO01:000062957:mpeg21:p004:alto_3.jpg;artikel;Provinciale Overijsselsche en Zwolsche courant;1884-08-20;http://resolver.kb.nl/resolve?urn=MMHCO01:000062957:mpeg21:a0015;chess;drawing
MMHCO01:000062963:mpeg21:p003:alto_1.jpg;artikel;Provinciale Overijsselsche en Zwolsche courant;1884-08-27;http://resolver.kb.nl/resolve?urn=MMHCO01:000062963:mpeg21:a0012;chess;drawing
MMHCO01:000062973:mpeg21:p003:alto_1.jpg;artikel;Provinciale Overijsselsche en Zwolsche courant;1884-09-03;http://resolver.kb.nl/resolve?urn=MMHCO01:000062973:mpeg21:a0009;chess;drawing
MMHCO01:000062984:mpeg21:p003:alto_1.jpg;artikel;Provinciale Overijsselsche en Zwolsche courant;1884-09-10;http://resolver.kb.nl/resolve?urn=MMHCO01:000062984:mpeg21:a0011;chess;drawing
MMHCO01:000062984:mpeg21:p003:alto_1.jpg;artikel;Provinciale Overijsselsche en Zwolsche courant;1884-09-10;http://resolver.kb.nl/resolve?urn=MMHCO01:000062984:mpeg21:a0011;chess;drawing
MMHCO01:000062996:mpeg21:p003:alto_1.jpg;artikel;Provinciale Overijsselsche en Zwolsche courant;1884-09-18;http://resolver.kb.nl/resolve?urn=MMHCO01:000062996:mpeg21:a0012;chess;drawing
MMHCO01:000062996:mpeg21:p003:alto_1.jpg;artikel;Provinciale Overijsselsche en Zwolsche courant;1884-09-18;http://resolver.kb.nl/resolve?urn=MMHCO01:000062996:mpeg21:a0012;chess;drawing
MMHCO01:000063001:mpeg21:p003:alto_1.jpg;artikel;Provinciale Overijsselsche en Zwolsche courant;1884-09-24;http://resolver.kb.nl/resolve?urn=MMHCO01:000063001:mpeg21:a0006;chess;drawing
MMHCO01:000063011:mpeg21:p003:alto_1.jpg;artikel;Provinciale Overijsselsche en Zwolsche courant;1884-10-01;http://resolver.kb.nl/resolve?urn=MMHCO01:000063011:mpeg21:a0006;chess;drawing
MMHCO01:000063011:mpeg21:p003:alto_1.jpg;artikel;Provinciale Overijsselsche en Zwolsche courant;1884-10-01;http://resolver.kb.nl/resolve?urn=MMHCO01:000063011:mpeg21:a0006;chess;drawing
MMHCO01:000063021:mpeg21:p003:alto_1.jpg;artikel;Provinciale Overijsselsche en Zwolsche courant;1884-10-08;http://resolver.kb.nl/resolve?urn=MMHCO01:000063021:mpeg21:a0007;chess;drawing
MMHCO01:000063021:mpeg21:p003:alto_1.jpg;artikel;Provinciale Overijsselsche en Zwolsche courant;1884-10-08;http://resolver.kb.nl/resolve?urn=MMHCO01:000063021:mpeg21:a0007;chess;drawing
MMHCO01:000063026:mpeg21:p002:alto_1.jpg;artikel;Provinciale Overijsselsche en Zwolsche courant;1884-10-13;http://resolver.kb.nl/resolve?urn=MMHCO01:000063026:mpeg21:a0005;maps;drawing
MMHCO01:000063026:mpeg21:p002:alto_1.jpg;artikel;Provinciale Overijsselsche en Zwolsche courant;1884-10-13;http://resolver.kb.nl/resolve?urn=MMHCO01:000063026:mpeg21:a0005;maps;drawing
MMHCO01:000063032:mpeg21:p003:alto_1.jpg;artikel;Provinciale Overijsselsche en Zwolsche courant;1884-10-15;http://resolver.kb.nl/resolve?urn=MMHCO01:000063032:mpeg21:a0011;chess;drawing
MMHCO01:000063041:mpeg21:p003:alto_1.jpg;artikel;Provinciale Overijsselsche en Zwolsche courant;1884-10-23;http://resolver.kb.nl/resolve?urn=MMHCO01:000063041:mpeg21:a0012;chess;drawing
MMHCO01:000063041:mpeg21:p003:alto_1.jpg;artikel;Provinciale Overijsselsche en Zwolsche courant;1884-10-23;http://resolver.kb.nl/resolve?urn=MMHCO01:000063041:mpeg21:a0012;chess;drawing
MMHCO01:000063049:mpeg21:p003:alto_1.jpg;artikel;Provinciale Overijsselsche en Zwolsche courant;1884-10-29;http://resolver.kb.nl/resolve?urn=MMHCO01:000063049:mpeg21:a0009;chess;drawing
MMHCO01:000063057:mpeg21:p003:alto_1.jpg;artikel;Provinciale Overijsselsche en Zwolsche courant;1884-11-05;http://resolver.kb.nl/resolve?urn=MMHCO01:000063057:mpeg21:a0013;chess;drawing
MMHCO01:000063057:mpeg21:p003:alto_1.jpg;artikel;Provinciale Overijsselsche en Zwolsche courant;1884-11-05;http://resolver.kb.nl/resolve?urn=MMHCO01:000063057:mpeg21:a0013;chess;drawing
MMHCO01:000063069:mpeg21:p003:alto_1.jpg;artikel;Provinciale Overijsselsche en Zwolsche courant;1884-11-13;http://resolver.kb.nl/resolve?urn=MMHCO01:000063069:mpeg21:a0009;chess;drawing
MMHCO01:000063069:mpeg21:p003:alto_1.jpg;artikel;Provinciale Overijsselsche en Zwolsche courant;1884-11-13;http://resolver.kb.nl/resolve?urn=MMHCO01:000063069:mpeg21:a0009;chess;drawing
MMHCO01:000063074:mpeg21:p003:alto_1.jpg;artikel;Provinciale Overijsselsche en Zwolsche courant;1884-11-19;http://resolver.kb.nl/resolve?urn=MMHCO01:000063074:mpeg21:a0004;chess;drawing
MMHCO01:000063074:mpeg21:p003:alto_1.jpg;artikel;Provinciale Overijsselsche en Zwolsche courant;1884-11-19;http://resolver.kb.nl/resolve?urn=MMHCO01:000063074:mpeg21:a0004;chess;drawing
MMHCO01:000063086:mpeg21:p003:alto_1.jpg;artikel;Provinciale Overijsselsche en Zwolsche courant;1884-11-26;http://resolver.kb.nl/resolve?urn=MMHCO01:000063086:mpeg21:a0005;chess;drawing
MMHCO01:000063098:mpeg21:p003:alto_1.jpg;artikel;Provinciale Overijsselsche en Zwolsche courant;1884-12-04;http://resolver.kb.nl/resolve?urn=MMHCO01:000063098:mpeg21:a0010;chess;drawing
MMHCO01:000063098:mpeg21:p003:alto_1.jpg;artikel;Provinciale Overijsselsche en Zwolsche courant;1884-12-04;http://resolver.kb.nl/resolve?urn=MMHCO01:000063098:mpeg21:a0010;chess;drawing
MMHCO01:000063108:mpeg21:p004:alto_1.jpg;artikel;Provinciale Overijsselsche en Zwolsche courant;1884-12-11;http://resolver.kb.nl/resolve?urn=MMHCO01:000063108:mpeg21:a0016;chess;drawing
MMHCO01:000063118:mpeg21:p003:alto_1.jpg;artikel;Provinciale Overijsselsche en Zwolsche courant;1884-12-18;http://resolver.kb.nl/resolve?urn=MMHCO01:000063118:mpeg21:a0010;chess;drawing
MMHCO01:000063118:mpeg21:p003:alto_1.jpg;artikel;Provinciale Overijsselsche en Zwolsche courant;1884-12-18;http://resolver.kb.nl/resolve?urn=MMHCO01:000063118:mpeg21:a0010;chess;drawing
MMHCO01:000063124:mpeg21:p008:alto_1.jpg;artikel;Provinciale Overijsselsche en Zwolsche courant;1884-12-25;http://resolver.kb.nl/resolve?urn=MMHCO01:000063124:mpeg21:a0050;chess;drawing
MMHCO01:000063124:mpeg21:p008:alto_1.jpg;artikel;Provinciale Overijsselsche en Zwolsche courant;1884-12-25;http://resolver.kb.nl/resolve?urn=MMHCO01:000063124:mpeg21:a0050;chess;drawing
MMHCO01:000063214:mpeg21:p003:alto_1.jpg;artikel;Provinciale Overijsselsche en Zwolsche courant;1884-01-04;http://resolver.kb.nl/resolve?urn=MMHCO01:000063214:mpeg21:a0010;chess;drawing
MMHCO01:000063214:mpeg21:p003:alto_1.jpg;artikel;Provinciale Overijsselsche en Zwolsche courant;1884-01-04;http://resolver.kb.nl/resolve?urn=MMHCO01:000063214:mpeg21:a0010;chess;drawing
MMHCO01:000063288:mpeg21:p006:alto_1.jpg;artikel;Provinciale Overijsselsche en Zwolsche courant;1884-02-29;http://resolver.kb.nl/resolve?urn=MMHCO01:000063288:mpeg21:a0055;sheetmusic;drawing
MMHCO01:000063375:mpeg21:p004:alto_5.jpg;artikel;Provinciale Overijsselsche en Zwolsche courant;1884-03-26;http://resolver.kb.nl/resolve?urn=MMHCO01:000063375:mpeg21:a0027;crowds;drawing
MMHCO01:000063438:mpeg21:p003:alto_1.jpg;artikel;Provinciale Overijsselsche en Zwolsche courant;1884-06-05;http://resolver.kb.nl/resolve?urn=MMHCO01:000063438:mpeg21:a0005;chess;drawing
MMHCO01:000063444:mpeg21:p003:alto_1.jpg;artikel;Provinciale Overijsselsche en Zwolsche courant;1884-06-12;http://resolver.kb.nl/resolve?urn=MMHCO01:000063444:mpeg21:a0008;chess;drawing
MMHCO01:000063444:mpeg21:p003:alto_1.jpg;artikel;Provinciale Overijsselsche en Zwolsche courant;1884-06-12;http://resolver.kb.nl/resolve?urn=MMHCO01:000063444:mpeg21:a0008;chess;drawing
MMHCO01:000063448:mpeg21:p003:alto_1.jpg;artikel;Provinciale Overijsselsche en Zwolsche courant;1884-06-18;http://resolver.kb.nl/resolve?urn=MMHCO01:000063448:mpeg21:a0007;chess;drawing
MMHCO01:000063454:mpeg21:p003:alto_1.jpg;artikel;Provinciale Overijsselsche en Zwolsche courant;1884-06-25;http://resolver.kb.nl/resolve?urn=MMHCO01:000063454:mpeg21:a0011;chess;drawing
MMHCO01:000063454:mpeg21:p003:alto_1.jpg;artikel;Provinciale Overijsselsche en Zwolsche courant;1884-06-25;http://resolver.kb.nl/resolve?urn=MMHCO01:000063454:mpeg21:a0011;chess;drawing
MMKB04:000163160:mpeg21:p001:alto_2.jpg;artikel;De maasbode;1884-02-21;http://resolver.kb.nl/resolve?urn=MMKB04:000163160:mpeg21:a0001;logo;drawing
MMKB04:000163161:mpeg21:p001:alto_2.jpg;artikel;De maasbode;1884-02-24;http://resolver.kb.nl/resolve?urn=MMKB04:000163161:mpeg21:a0001;logo;drawing
MMKB04:000163162:mpeg21:p001:alto_2.jpg;artikel;De maasbode;1884-02-26;http://resolver.kb.nl/resolve?urn=MMKB04:000163162:mpeg21:a0001;logo;drawing
MMKB04:000163164:mpeg21:p001:alto_2.jpg;artikel;De maasbode;1884-03-02;http://resolver.kb.nl/resolve?urn=MMKB04:000163164:mpeg21:a0001;logo;drawing
MMKB04:000163163:mpeg21:p001:alto_2.jpg;artikel;De maasbode;1884-02-28;http://resolver.kb.nl/resolve?urn=MMKB04:000163163:mpeg21:a0001;logo;drawing
MMKB04:000163165:mpeg21:p001:alto_2.jpg;artikel;De maasbode;1884-03-04;http://resolver.kb.nl/resolve?urn=MMKB04:000163165:mpeg21:a0001;logo;drawing
MMKB04:000163166:mpeg21:p001:alto_2.jpg;artikel;De maasbode;1884-03-06;http://resolver.kb.nl/resolve?urn=MMKB04:000163166:mpeg21:a0001;logo;drawing
MMKB04:000163167:mpeg21:p001:alto_2.jpg;artikel;De maasbode;1884-03-09;http://resolver.kb.nl/resolve?urn=MMKB04:000163167:mpeg21:a0001;logo;drawing
MMKB04:000163671:mpeg21:p005:alto_1.jpg;artikel;De maasbode;1884-04-27;http://resolver.kb.nl/resolve?urn=MMKB04:000163671:mpeg21:a0026;logo;drawing
MMKB04:000163825:mpeg21:p001:alto_2.jpg;artikel;De maasbode;1884-07-08;http://resolver.kb.nl/resolve?urn=MMKB04:000163825:mpeg21:a0001;logo;drawing
MMKB04:000163994:mpeg21:p001:alto_2.jpg;artikel;De maasbode;1884-09-06;http://resolver.kb.nl/resolve?urn=MMKB04:000163994:mpeg21:a0001;logo;drawing
MMDA03:000098476:mpeg21:p003:alto_1.jpg;artikel;Provinciale Drentsche en Asser courant;1884-01-22;http://resolver.kb.nl/resolve?urn=MMDA03:000098476:mpeg21:a0014;cartoon;drawing
MMDA03:000098476:mpeg21:p003:alto_1.jpg;artikel;Provinciale Drentsche en Asser courant;1884-01-22;http://resolver.kb.nl/resolve?urn=MMDA03:000098476:mpeg21:a0014;cartoon;drawing
MMDA03:000098498:mpeg21:p001:alto_3.jpg;artikel;Provinciale Drentsche en Asser courant;1884-02-16;http://resolver.kb.nl/resolve?urn=MMDA03:000098498:mpeg21:a0001;schematics;drawing
MMDA03:000098560:mpeg21:p001:alto_1.jpg;artikel;Provinciale Drentsche en Asser courant;1884-05-01;http://resolver.kb.nl/resolve?urn=MMDA03:000098560:mpeg21:a0001;logo;drawing
MMDA03:000098560:mpeg21:p001:alto_2.jpg;artikel;Provinciale Drentsche en Asser courant;1884-05-01;http://resolver.kb.nl/resolve?urn=MMDA03:000098560:mpeg21:a0001;logo;drawing
MMGARO01:000168590:mpeg21:p001:alto_1.jpg;artikel;De grondwet;1884-10-05;http://resolver.kb.nl/resolve?urn=MMGARO01:000168590:mpeg21:a0001;logo;drawing
MMRHCE01:000036795:mpeg21:p003:alto_5.jpg;artikel;De Zuid-Willemsvaart;1884-08-16;http://resolver.kb.nl/resolve?urn=MMRHCE01:000036795:mpeg21:a0020;building;drawing
MMRHCE01:000036796:mpeg21:p004:alto_3.jpg;artikel;De Zuid-Willemsvaart;1884-08-20;http://resolver.kb.nl/resolve?urn=MMRHCE01:000036796:mpeg21:a0021;building;drawing
MMRHCE01:000036798:mpeg21:p003:alto_4.jpg;artikel;De Zuid-Willemsvaart;1884-08-23;http://resolver.kb.nl/resolve?urn=MMRHCE01:000036798:mpeg21:a0020;building;drawing
MMGAVL01:000039238:mpeg21:p006:alto_1.jpg;artikel;Venloosch weekblad;1884-05-24;http://resolver.kb.nl/resolve?urn=MMGAVL01:000039238:mpeg21:a0038;logo;drawing
MMGAVL01:000039238:mpeg21:p006:alto_1.jpg;artikel;Venloosch weekblad;1884-05-24;http://resolver.kb.nl/resolve?urn=MMGAVL01:000039238:mpeg21:a0038;logo;drawing
MMGAVL01:000039581:mpeg21:p006:alto_1.jpg;artikel;Venloosch weekblad;1884-10-18;http://resolver.kb.nl/resolve?urn=MMGAVL01:000039581:mpeg21:a0039;logo;drawing
KBDDD02:000207457:mpeg21:p001:alto_1.jpg;artikel;Algemeen Handelsblad;1884-04-02;http://resolver.kb.nl/resolve?urn=KBDDD02:000207457:mpeg21:a0001;logo;drawing
KBDDD02:000207457:mpeg21:p001:alto_1.jpg;artikel;Algemeen Handelsblad;1884-04-02;http://resolver.kb.nl/resolve?urn=KBDDD02:000207457:mpeg21:a0001;logo;drawing
KBDDD02:000207459:mpeg21:p005:alto_1.jpg;artikel;Algemeen Handelsblad;1884-04-02;http://resolver.kb.nl/resolve?urn=KBDDD02:000207459:mpeg21:a0031;weather;drawing
KBDDD02:000207459:mpeg21:p005:alto_1.jpg;artikel;Algemeen Handelsblad;1884-04-02;http://resolver.kb.nl/resolve?urn=KBDDD02:000207459:mpeg21:a0031;weather;drawing
KBDDD02:000207465:mpeg21:p001:alto_1.jpg;artikel;Algemeen Handelsblad;1884-04-03;http://resolver.kb.nl/resolve?urn=KBDDD02:000207465:mpeg21:a0001;logo;drawing
KBDDD02:000207466:mpeg21:p005:alto_1.jpg;artikel;Algemeen Handelsblad;1884-04-03;http://resolver.kb.nl/resolve?urn=KBDDD02:000207466:mpeg21:a0034;schematics;drawing
KBDDD02:000207674:mpeg21:p001:alto_1.jpg;artikel;Algemeen Handelsblad;1884-04-05;http://resolver.kb.nl/resolve?urn=KBDDD02:000207674:mpeg21:a0001;logo;drawing
KBDDD02:000207674:mpeg21:p001:alto_2.jpg;artikel;Algemeen Handelsblad;1884-04-05;http://resolver.kb.nl/resolve?urn=KBDDD02:000207674:mpeg21:a0001;schematics;drawing
KBDDD02:000207677:mpeg21:p001:alto_1.jpg;artikel;Algemeen Handelsblad;1884-04-06;http://resolver.kb.nl/resolve?urn=KBDDD02:000207677:mpeg21:a0001;logo;drawing
KBDDD02:000207693:mpeg21:p001:alto_1.jpg;artikel;Algemeen Handelsblad;1884-04-07;http://resolver.kb.nl/resolve?urn=KBDDD02:000207693:mpeg21:a0001;logo;drawing
KBDDD02:000207696:mpeg21:p001:alto_1.jpg;artikel;Algemeen Handelsblad;1884-04-09;http://resolver.kb.nl/resolve?urn=KBDDD02:000207696:mpeg21:a0001;logo;drawing
KBDDD02:000207700:mpeg21:p001:alto_1.jpg;artikel;Algemeen Handelsblad;1884-04-10;http://resolver.kb.nl/resolve?urn=KBDDD02:000207700:mpeg21:a0001;logo;drawing
KBDDD02:000207705:mpeg21:p001:alto_1.jpg;artikel;Algemeen Handelsblad;1884-04-11;http://resolver.kb.nl/resolve?urn=KBDDD02:000207705:mpeg21:a0001;logo;drawing
KBDDD02:000207722:mpeg21:p001:alto_1.jpg;artikel;Algemeen Handelsblad;1884-04-13;http://resolver.kb.nl/resolve?urn=KBDDD02:000207722:mpeg21:a0001;logo;drawing
KBDDD02:000207726:mpeg21:p001:alto_3.jpg;artikel;Algemeen Handelsblad;1884-04-14;http://resolver.kb.nl/resolve?urn=KBDDD02:000207726:mpeg21:a0007;logo;drawing
KBDDD02:000207731:mpeg21:p001:alto_1.jpg;artikel;Algemeen Handelsblad;1884-04-16;http://resolver.kb.nl/resolve?urn=KBDDD02:000207731:mpeg21:a0001;logo;drawing
KBDDD02:000207740:mpeg21:p001:alto_1.jpg;artikel;Algemeen Handelsblad;1884-04-17;http://resolver.kb.nl/resolve?urn=KBDDD02:000207740:mpeg21:a0001;logo;drawing
KBDDD02:000207740:mpeg21:p001:alto_1.jpg;artikel;Algemeen Handelsblad;1884-04-17;http://resolver.kb.nl/resolve?urn=KBDDD02:000207740:mpeg21:a0001;logo;drawing
KBDDD02:000207746:mpeg21:p001:alto_1.jpg;artikel;Algemeen Handelsblad;1884-04-19;http://resolver.kb.nl/resolve?urn=KBDDD02:000207746:mpeg21:a0001;logo;drawing
KBDDD02:000208079:mpeg21:p001:alto_1.jpg;artikel;Algemeen Handelsblad;1884-04-21;http://resolver.kb.nl/resolve?urn=KBDDD02:000208079:mpeg21:a0001;logo;drawing
KBDDD02:000208080:mpeg21:p001:alto_1.jpg;artikel;Algemeen Handelsblad;1884-04-22;http://resolver.kb.nl/resolve?urn=KBDDD02:000208080:mpeg21:a0001;logo;drawing
KBDDD02:000208083:mpeg21:p001:alto_1.jpg;artikel;Algemeen Handelsblad;1884-04-23;http://resolver.kb.nl/resolve?urn=KBDDD02:000208083:mpeg21:a0001;logo;drawing
KBDDD02:000208121:mpeg21:p001:alto_1.jpg;artikel;Algemeen Handelsblad;1884-04-24;http://resolver.kb.nl/resolve?urn=KBDDD02:000208121:mpeg21:a0001;illustratedheaders;drawing
KBDDD02:000208179:mpeg21:p001:alto_1.jpg;artikel;Algemeen Handelsblad;1884-04-26;http://resolver.kb.nl/resolve?urn=KBDDD02:000208179:mpeg21:a0001;logo;drawing
KBDDD02:000208184:mpeg21:p001:alto_1.jpg;artikel;Algemeen Handelsblad;1884-04-27;http://resolver.kb.nl/resolve?urn=KBDDD02:000208184:mpeg21:a0001;logo;drawing
KBDDD02:000208195:mpeg21:p001:alto_1.jpg;artikel;Algemeen Handelsblad;1884-04-28;http://resolver.kb.nl/resolve?urn=KBDDD02:000208195:mpeg21:a0001;logo;drawing
KBDDD02:000208199:mpeg21:p001:alto_1.jpg;artikel;Algemeen Handelsblad;1884-04-29;http://resolver.kb.nl/resolve?urn=KBDDD02:000208199:mpeg21:a0001;logo;drawing
KBDDD02:000208205:mpeg21:p001:alto_1.jpg;artikel;Algemeen Handelsblad;1884-04-30;http://resolver.kb.nl/resolve?urn=KBDDD02:000208205:mpeg21:a0001;logo;drawing
KBDDD02:000208207:mpeg21:p001:alto_1.jpg;artikel;Algemeen Handelsblad;1884-05-01;http://resolver.kb.nl/resolve?urn=KBDDD02:000208207:mpeg21:a0001;logo;drawing
KBDDD02:000208207:mpeg21:p001:alto_1.jpg;artikel;Algemeen Handelsblad;1884-05-01;http://resolver.kb.nl/resolve?urn=KBDDD02:000208207:mpeg21:a0001;logo;drawing
KBDDD02:000208209:mpeg21:p001:alto_1.jpg;artikel;Algemeen Handelsblad;1884-05-02;http://resolver.kb.nl/resolve?urn=KBDDD02:000208209:mpeg21:a0001;logo;drawing
KBDDD02:000208209:mpeg21:p001:alto_1.jpg;artikel;Algemeen Handelsblad;1884-05-02;http://resolver.kb.nl/resolve?urn=KBDDD02:000208209:mpeg21:a0001;logo;drawing
KBDDD02:000208219:mpeg21:p001:alto_1.jpg;artikel;Algemeen Handelsblad;1884-05-03;http://resolver.kb.nl/resolve?urn=KBDDD02:000208219:mpeg21:a0001;logo;drawing
KBDDD02:000208225:mpeg21:p001:alto_1.jpg;artikel;Algemeen Handelsblad;1884-05-04;http://resolver.kb.nl/resolve?urn=KBDDD02:000208225:mpeg21:a0001;logo;drawing
KBDDD02:000208255:mpeg21:p001:alto_1.jpg;artikel;Algemeen Handelsblad;1884-05-05;http://resolver.kb.nl/resolve?urn=KBDDD02:000208255:mpeg21:a0001;logo;drawing
KBDDD02:000208261:mpeg21:p001:alto_1.jpg;artikel;Algemeen Handelsblad;1884-05-06;http://resolver.kb.nl/resolve?urn=KBDDD02:000208261:mpeg21:a0001;logo;drawing
KBDDD02:000208274:mpeg21:p001:alto_1.jpg;artikel;Algemeen Handelsblad;1884-05-07;http://resolver.kb.nl/resolve?urn=KBDDD02:000208274:mpeg21:a0001;logo;drawing
KBDDD02:000208277:mpeg21:p001:alto_1.jpg;artikel;Algemeen Handelsblad;1884-05-08;http://resolver.kb.nl/resolve?urn=KBDDD02:000208277:mpeg21:a0001;logo;drawing
KBDDD02:000208292:mpeg21:p001:alto_1.jpg;artikel;Algemeen Handelsblad;1884-05-09;http://resolver.kb.nl/resolve?urn=KBDDD02:000208292:mpeg21:a0001;logo;drawing
KBDDD02:000208322:mpeg21:p001:alto_1.jpg;artikel;Algemeen Handelsblad;1884-05-10;http://resolver.kb.nl/resolve?urn=KBDDD02:000208322:mpeg21:a0001;logo;drawing
KBDDD02:000213599:mpeg21:p001:alto_1.jpg;artikel;Algemeen Handelsblad;1884-05-13;http://resolver.kb.nl/resolve?urn=KBDDD02:000213599:mpeg21:a0001;logo;drawing
KBDDD02:000213605:mpeg21:p001:alto_1.jpg;artikel;Algemeen Handelsblad;1884-05-13;http://resolver.kb.nl/resolve?urn=KBDDD02:000213605:mpeg21:a0001;logo;drawing
KBDDD02:000213599:mpeg21:p001:alto_1.jpg;artikel;Algemeen Handelsblad;1884-05-13;http://resolver.kb.nl/resolve?urn=KBDDD02:000213599:mpeg21:a0001;logo;drawing
KBDDD02:000213605:mpeg21:p001:alto_1.jpg;artikel;Algemeen Handelsblad;1884-05-13;http://resolver.kb.nl/resolve?urn=KBDDD02:000213605:mpeg21:a0001;logo;drawing
KBDDD02:000213626:mpeg21:p001:alto_1.jpg;artikel;Algemeen Handelsblad;1884-05-14;http://resolver.kb.nl/resolve?urn=KBDDD02:000213626:mpeg21:a0001;logo;drawing
KBDDD02:000214230:mpeg21:p001:alto_1.jpg;artikel;Algemeen Handelsblad;1884-05-16;http://resolver.kb.nl/resolve?urn=KBDDD02:000214230:mpeg21:a0001;logo;drawing
KBDDD02:000214235:mpeg21:p001:alto_1.jpg;artikel;Algemeen Handelsblad;1884-05-17;http://resolver.kb.nl/resolve?urn=KBDDD02:000214235:mpeg21:a0001;logo;drawing
KBDDD02:000215809:mpeg21:p001:alto_1.jpg;artikel;Algemeen Handelsblad;1884-05-19;http://resolver.kb.nl/resolve?urn=KBDDD02:000215809:mpeg21:a0001;logo;drawing
KBDDD02:000215818:mpeg21:p001:alto_1.jpg;artikel;Algemeen Handelsblad;1884-05-20;http://resolver.kb.nl/resolve?urn=KBDDD02:000215818:mpeg21:a0001;logo;drawing
KBDDD02:000215818:mpeg21:p001:alto_1.jpg;artikel;Algemeen Handelsblad;1884-05-20;http://resolver.kb.nl/resolve?urn=KBDDD02:000215818:mpeg21:a0001;logo;drawing
KBDDD02:000215831:mpeg21:p001:alto_1.jpg;artikel;Algemeen Handelsblad;1884-05-21;http://resolver.kb.nl/resolve?urn=KBDDD02:000215831:mpeg21:a0001;logo;drawing
KBDDD02:000215833:mpeg21:p001:alto_1.jpg;artikel;Algemeen Handelsblad;1884-05-22;http://resolver.kb.nl/resolve?urn=KBDDD02:000215833:mpeg21:a0001;logo;drawing
KBDDD02:000215934:mpeg21:p001:alto_1.jpg;artikel;Algemeen Handelsblad;1884-05-26;http://resolver.kb.nl/resolve?urn=KBDDD02:000215934:mpeg21:a0001;logo;drawing
KBDDD02:000215953:mpeg21:p001:alto_1.jpg;artikel;Algemeen Handelsblad;1884-05-27;http://resolver.kb.nl/resolve?urn=KBDDD02:000215953:mpeg21:a0001;logo;drawing
KBDDD02:000215953:mpeg21:p001:alto_1.jpg;artikel;Algemeen Handelsblad;1884-05-27;http://resolver.kb.nl/resolve?urn=KBDDD02:000215953:mpeg21:a0001;logo;drawing
KBDDD02:000215970:mpeg21:p001:alto_1.jpg;artikel;Algemeen Handelsblad;1884-05-29;http://resolver.kb.nl/resolve?urn=KBDDD02:000215970:mpeg21:a0001;logo;drawing
KBDDD02:000215995:mpeg21:p001:alto_1.jpg;artikel;Algemeen Handelsblad;1884-05-31;http://resolver.kb.nl/resolve?urn=KBDDD02:000215995:mpeg21:a0001;logo;drawing
KBDDD02:000216001:mpeg21:p001:alto_1.jpg;artikel;Algemeen Handelsblad;1884-06-02;http://resolver.kb.nl/resolve?urn=KBDDD02:000216001:mpeg21:a0001;logo;drawing
KBDDD02:000216009:mpeg21:p001:alto_1.jpg;artikel;Algemeen Handelsblad;1884-06-04;http://resolver.kb.nl/resolve?urn=KBDDD02:000216009:mpeg21:a0001;logo;drawing
KBDDD02:000216029:mpeg21:p001:alto_1.jpg;artikel;Algemeen Handelsblad;1884-06-05;http://resolver.kb.nl/resolve?urn=KBDDD02:000216029:mpeg21:a0007;logo;drawing
KBDDD02:000216064:mpeg21:p001:alto_1.jpg;artikel;Algemeen Handelsblad;1884-06-07;http://resolver.kb.nl/resolve?urn=KBDDD02:000216064:mpeg21:a0001;logo;drawing
KBDDD02:000216071:mpeg21:p001:alto_1.jpg;artikel;Algemeen Handelsblad;1884-06-09;http://resolver.kb.nl/resolve?urn=KBDDD02:000216071:mpeg21:a0001;logo;drawing
KBDDD02:000216071:mpeg21:p001:alto_1.jpg;artikel;Algemeen Handelsblad;1884-06-09;http://resolver.kb.nl/resolve?urn=KBDDD02:000216071:mpeg21:a0001;logo;drawing
KBDDD02:000216083:mpeg21:p001:alto_1.jpg;artikel;Algemeen Handelsblad;1884-06-10;http://resolver.kb.nl/resolve?urn=KBDDD02:000216083:mpeg21:a0001;logo;drawing
KBDDD02:000216090:mpeg21:p001:alto_3.jpg;artikel;Algemeen Handelsblad;1884-06-11;http://resolver.kb.nl/resolve?urn=KBDDD02:000216090:mpeg21:a0007;logo;drawing
KBDDD02:000216090:mpeg21:p001:alto_3.jpg;artikel;Algemeen Handelsblad;1884-06-11;http://resolver.kb.nl/resolve?urn=KBDDD02:000216090:mpeg21:a0007;logo;drawing
KBDDD02:000216095:mpeg21:p001:alto_1.jpg;artikel;Algemeen Handelsblad;1884-06-12;http://resolver.kb.nl/resolve?urn=KBDDD02:000216095:mpeg21:a0002;logo;drawing
KBDDD02:000216095:mpeg21:p001:alto_1.jpg;artikel;Algemeen Handelsblad;1884-06-12;http://resolver.kb.nl/resolve?urn=KBDDD02:000216095:mpeg21:a0002;logo;drawing
KBDDD02:000216099:mpeg21:p001:alto_1.jpg;artikel;Algemeen Handelsblad;1884-06-13;http://resolver.kb.nl/resolve?urn=KBDDD02:000216099:mpeg21:a0002;logo;drawing
KBDDD02:000216101:mpeg21:p001:alto_1.jpg;artikel;Algemeen Handelsblad;1884-06-14;http://resolver.kb.nl/resolve?urn=KBDDD02:000216101:mpeg21:a0003;logo;drawing
KBDDD02:000216105:mpeg21:p001:alto_1.jpg;artikel;Algemeen Handelsblad;1884-06-16;http://resolver.kb.nl/resolve?urn=KBDDD02:000216105:mpeg21:a0001;logo;drawing
KBDDD02:000216108:mpeg21:p001:alto_1.jpg;artikel;Algemeen Handelsblad;1884-06-17;http://resolver.kb.nl/resolve?urn=KBDDD02:000216108:mpeg21:a0001;logo;drawing
KBDDD02:000216108:mpeg21:p001:alto_1.jpg;artikel;Algemeen Handelsblad;1884-06-17;http://resolver.kb.nl/resolve?urn=KBDDD02:000216108:mpeg21:a0001;logo;drawing
KBDDD02:000216111:mpeg21:p001:alto_1.jpg;artikel;Algemeen Handelsblad;1884-06-18;http://resolver.kb.nl/resolve?urn=KBDDD02:000216111:mpeg21:a0001;logo;drawing
KBDDD02:000216114:mpeg21:p001:alto_1.jpg;artikel;Algemeen Handelsblad;1884-06-19;http://resolver.kb.nl/resolve?urn=KBDDD02:000216114:mpeg21:a0001;logo;drawing
KBDDD02:000216114:mpeg21:p001:alto_1.jpg;artikel;Algemeen Handelsblad;1884-06-19;http://resolver.kb.nl/resolve?urn=KBDDD02:000216114:mpeg21:a0001;logo;drawing
KBDDD02:000216306:mpeg21:p001:alto_1.jpg;artikel;Algemeen Handelsblad;1884-06-20;http://resolver.kb.nl/resolve?urn=KBDDD02:000216306:mpeg21:a0001;logo;drawing
KBDDD02:000216434:mpeg21:p001:alto_1.jpg;artikel;Algemeen Handelsblad;1884-06-21;http://resolver.kb.nl/resolve?urn=KBDDD02:000216434:mpeg21:a0001;logo;drawing
KBDDD02:000216746:mpeg21:p001:alto_1.jpg;artikel;Algemeen Handelsblad;1884-06-24;http://resolver.kb.nl/resolve?urn=KBDDD02:000216746:mpeg21:a0001;logo;drawing
KBDDD02:000216751:mpeg21:p001:alto_1.jpg;artikel;Algemeen Handelsblad;1884-06-24;http://resolver.kb.nl/resolve?urn=KBDDD02:000216751:mpeg21:a0001;logo;drawing
KBDDD02:000216751:mpeg21:p001:alto_1.jpg;artikel;Algemeen Handelsblad;1884-06-24;http://resolver.kb.nl/resolve?urn=KBDDD02:000216751:mpeg21:a0001;logo;drawing
KBDDD02:000216756:mpeg21:p001:alto_1.jpg;artikel;Algemeen Handelsblad;1884-06-25;http://resolver.kb.nl/resolve?urn=KBDDD02:000216756:mpeg21:a0003;logo;drawing
KBDDD02:000216759:mpeg21:p001:alto_1.jpg;artikel;Algemeen Handelsblad;1884-06-26;http://resolver.kb.nl/resolve?urn=KBDDD02:000216759:mpeg21:a0001;logo;drawing
KBDDD02:000216761:mpeg21:p001:alto_1.jpg;artikel;Algemeen Handelsblad;1884-06-27;http://resolver.kb.nl/resolve?urn=KBDDD02:000216761:mpeg21:a0001;logo;drawing
KBDDD02:000216759:mpeg21:p001:alto_1.jpg;artikel;Algemeen Handelsblad;1884-06-26;http://resolver.kb.nl/resolve?urn=KBDDD02:000216759:mpeg21:a0001;logo;drawing
KBDDD02:000216769:mpeg21:p001:alto_1.jpg;artikel;Algemeen Handelsblad;1884-06-28;http://resolver.kb.nl/resolve?urn=KBDDD02:000216769:mpeg21:a0001;logo;drawing
KBDDD02:000216773:mpeg21:p001:alto_1.jpg;artikel;Algemeen Handelsblad;1884-06-29;http://resolver.kb.nl/resolve?urn=KBDDD02:000216773:mpeg21:a0001;logo;drawing
KBDDD02:000216876:mpeg21:p001:alto_1.jpg;artikel;Algemeen Handelsblad;1884-06-30;http://resolver.kb.nl/resolve?urn=KBDDD02:000216876:mpeg21:a0001;logo;drawing
KBDDD02:000216876:mpeg21:p001:alto_1.jpg;artikel;Algemeen Handelsblad;1884-06-30;http://resolver.kb.nl/resolve?urn=KBDDD02:000216876:mpeg21:a0001;logo;drawing
MMKB08:000136833:mpeg21:p003:alto_1.jpg;artikel;Delftsche courant : nieuwsblad voor Delft en Delfland;1884-12-28;http://resolver.kb.nl/resolve?urn=MMKB08:000136833:mpeg21:a0008;logo;drawing
MMKB08:000142858:mpeg21:p010:alto_1.jpg;artikel;Nederlandsche staatscourant;1884-10-01;http://resolver.kb.nl/resolve?urn=MMKB08:000142858:mpeg21:a0015;logo;drawing
MMKB08:000142858:mpeg21:p010:alto_2.jpg;artikel;Nederlandsche staatscourant;1884-10-01;http://resolver.kb.nl/resolve?urn=MMKB08:000142858:mpeg21:a0015;logo;drawing
MMKB08:000142858:mpeg21:p010:alto_3.jpg;artikel;Nederlandsche staatscourant;1884-10-01;http://resolver.kb.nl/resolve?urn=MMKB08:000142858:mpeg21:a0015;logo;drawing
MMKB08:000142917:mpeg21:p010:alto_1.jpg;artikel;Nederlandsche staatscourant;1884-11-01;http://resolver.kb.nl/resolve?urn=MMKB08:000142917:mpeg21:a0015;logo;drawing
MMKB08:000142917:mpeg21:p010:alto_2.jpg;artikel;Nederlandsche staatscourant;1884-11-01;http://resolver.kb.nl/resolve?urn=MMKB08:000142917:mpeg21:a0015;logo;drawing
MMKB08:000142917:mpeg21:p011:alto_1.jpg;artikel;Nederlandsche staatscourant;1884-11-01;http://resolver.kb.nl/resolve?urn=MMKB08:000142917:mpeg21:a0015;logo;drawing
MMKB08:000142917:mpeg21:p009:alto_1.jpg;artikel;Nederlandsche staatscourant;1884-11-01;http://resolver.kb.nl/resolve?urn=MMKB08:000142917:mpeg21:a0015;logo;drawing
MMKB08:000142946:mpeg21:p010:alto_1.jpg;artikel;Nederlandsche staatscourant;1884-12-01;http://resolver.kb.nl/resolve?urn=MMKB08:000142946:mpeg21:a0013;logo;drawing
MMKB08:000143115:mpeg21:p008:alto_1.jpg;artikel;Nederlandsche staatscourant;1884-07-01;http://resolver.kb.nl/resolve?urn=MMKB08:000143115:mpeg21:a0011;logo;drawing
MMKB08:000143115:mpeg21:p008:alto_2.jpg;artikel;Nederlandsche staatscourant;1884-07-01;http://resolver.kb.nl/resolve?urn=MMKB08:000143115:mpeg21:a0011;logo;drawing
MMKB08:000143115:mpeg21:p008:alto_3.jpg;artikel;Nederlandsche staatscourant;1884-07-01;http://resolver.kb.nl/resolve?urn=MMKB08:000143115:mpeg21:a0011;logo;drawing
MMKB08:000143115:mpeg21:p008:alto_4.jpg;artikel;Nederlandsche staatscourant;1884-07-01;http://resolver.kb.nl/resolve?urn=MMKB08:000143115:mpeg21:a0011;logo;drawing
MMKB08:000143115:mpeg21:p008:alto_5.jpg;artikel;Nederlandsche staatscourant;1884-07-01;http://resolver.kb.nl/resolve?urn=MMKB08:000143115:mpeg21:a0011;weather;drawing
MMKB08:000143115:mpeg21:p007:alto_1.jpg;artikel;Nederlandsche staatscourant;1884-07-01;http://resolver.kb.nl/resolve?urn=MMKB08:000143115:mpeg21:a0011;logo;drawing
MMKB08:000143115:mpeg21:p007:alto_2.jpg;artikel;Nederlandsche staatscourant;1884-07-01;http://resolver.kb.nl/resolve?urn=MMKB08:000143115:mpeg21:a0011;logo;drawing
MMKB08:000143115:mpeg21:p009:alto_2.jpg;artikel;Nederlandsche staatscourant;1884-07-01;http://resolver.kb.nl/resolve?urn=MMKB08:000143115:mpeg21:a0011;logo;drawing
MMKB08:000143149:mpeg21:p007:alto_3.jpg;artikel;Nederlandsche staatscourant;1884-08-01;http://resolver.kb.nl/resolve?urn=MMKB08:000143149:mpeg21:a0013;cartoon;drawing
MMKB08:000143149:mpeg21:p007:alto_4.jpg;artikel;Nederlandsche staatscourant;1884-08-01;http://resolver.kb.nl/resolve?urn=MMKB08:000143149:mpeg21:a0013;logo;drawing
MMKB08:000143149:mpeg21:p011:alto_1.jpg;artikel;Nederlandsche staatscourant;1884-08-01;http://resolver.kb.nl/resolve?urn=MMKB08:000143149:mpeg21:a0013;logo;drawing
MMKB08:000143149:mpeg21:p010:alto_1.jpg;artikel;Nederlandsche staatscourant;1884-08-01;http://resolver.kb.nl/resolve?urn=MMKB08:000143149:mpeg21:a0013;logo;drawing
MMKB08:000143149:mpeg21:p009:alto_1.jpg;artikel;Nederlandsche staatscourant;1884-08-01;http://resolver.kb.nl/resolve?urn=MMKB08:000143149:mpeg21:a0013;cyrilic;drawing
MMKB08:000143149:mpeg21:p009:alto_2.jpg;artikel;Nederlandsche staatscourant;1884-08-01;http://resolver.kb.nl/resolve?urn=MMKB08:000143149:mpeg21:a0013;logo;drawing
MMKB08:000143149:mpeg21:p008:alto_1.jpg;artikel;Nederlandsche staatscourant;1884-08-01;http://resolver.kb.nl/resolve?urn=MMKB08:000143149:mpeg21:a0013;logo;drawing
MMKB08:000143149:mpeg21:p008:alto_2.jpg;artikel;Nederlandsche staatscourant;1884-08-01;http://resolver.kb.nl/resolve?urn=MMKB08:000143149:mpeg21:a0013;logo;drawing
MMKB08:000143149:mpeg21:p008:alto_3.jpg;artikel;Nederlandsche staatscourant;1884-08-01;http://resolver.kb.nl/resolve?urn=MMKB08:000143149:mpeg21:a0013;logo;drawing
MMKB08:000143149:mpeg21:p008:alto_4.jpg;artikel;Nederlandsche staatscourant;1884-08-01;http://resolver.kb.nl/resolve?urn=MMKB08:000143149:mpeg21:a0013;logo;drawing
MMKB08:000143149:mpeg21:p008:alto_5.jpg;artikel;Nederlandsche staatscourant;1884-08-01;http://resolver.kb.nl/resolve?urn=MMKB08:000143149:mpeg21:a0013;logo;drawing
MMKB08:000143188:mpeg21:p023:alto_1.jpg;artikel;Nederlandsche staatscourant;1884-09-01;http://resolver.kb.nl/resolve?urn=MMKB08:000143188:mpeg21:a0016;logo;drawing
MMKB08:000143188:mpeg21:p023:alto_2.jpg;artikel;Nederlandsche staatscourant;1884-09-01;http://resolver.kb.nl/resolve?urn=MMKB08:000143188:mpeg21:a0016;logo;drawing
MMKB08:000143188:mpeg21:p023:alto_3.jpg;artikel;Nederlandsche staatscourant;1884-09-01;http://resolver.kb.nl/resolve?urn=MMKB08:000143188:mpeg21:a0016;logo;drawing
MMKB08:000143188:mpeg21:p025:alto_1.jpg;artikel;Nederlandsche staatscourant;1884-09-01;http://resolver.kb.nl/resolve?urn=MMKB08:000143188:mpeg21:a0016;logo;drawing
MMKB08:000140303:mpeg21:p018:alto_1.jpg;artikel;Nederlandsche staatscourant;1884-01-01;http://resolver.kb.nl/resolve?urn=MMKB08:000140303:mpeg21:a0018;logo;drawing
MMKB08:000140303:mpeg21:p017:alto_1.jpg;artikel;Nederlandsche staatscourant;1884-01-01;http://resolver.kb.nl/resolve?urn=MMKB08:000140303:mpeg21:a0018;cyrilic;drawing
MMKB08:000140303:mpeg21:p017:alto_3.jpg;artikel;Nederlandsche staatscourant;1884-01-01;http://resolver.kb.nl/resolve?urn=MMKB08:000140303:mpeg21:a0018;logo;drawing
MMKB08:000140530:mpeg21:p008:alto_1.jpg;artikel;Nederlandsche staatscourant;1884-02-01;http://resolver.kb.nl/resolve?urn=MMKB08:000140530:mpeg21:a0013;logo;drawing
MMKB08:000140530:mpeg21:p008:alto_2.jpg;artikel;Nederlandsche staatscourant;1884-02-01;http://resolver.kb.nl/resolve?urn=MMKB08:000140530:mpeg21:a0013;logo;drawing
MMKB08:000140530:mpeg21:p007:alto_1.jpg;artikel;Nederlandsche staatscourant;1884-02-01;http://resolver.kb.nl/resolve?urn=MMKB08:000140530:mpeg21:a0013;logo;drawing
MMKB08:000140585:mpeg21:p014:alto_1.jpg;artikel;Nederlandsche staatscourant;1884-03-01;http://resolver.kb.nl/resolve?urn=MMKB08:000140585:mpeg21:a0025;schematics;drawing
MMKB08:000140585:mpeg21:p013:alto_1.jpg;artikel;Nederlandsche staatscourant;1884-03-01;http://resolver.kb.nl/resolve?urn=MMKB08:000140585:mpeg21:a0025;logo;drawing
MMKB08:000140624:mpeg21:p009:alto_1.jpg;artikel;Nederlandsche staatscourant;1884-04-01;http://resolver.kb.nl/resolve?urn=MMKB08:000140624:mpeg21:a0014;logo;drawing
MMKB08:000140835:mpeg21:p023:alto_1.jpg;artikel;Nederlandsche staatscourant;1884-05-01;http://resolver.kb.nl/resolve?urn=MMKB08:000140835:mpeg21:a0018;logo;drawing
MMKB08:000140861:mpeg21:p029:alto_1.jpg;artikel;Nederlandsche staatscourant;1884-06-02;http://resolver.kb.nl/resolve?urn=MMKB08:000140861:mpeg21:a0015;logo;drawing
MMKB08:000140861:mpeg21:p029:alto_2.jpg;artikel;Nederlandsche staatscourant;1884-06-02;http://resolver.kb.nl/resolve?urn=MMKB08:000140861:mpeg21:a0015;unknown;drawing
MMKB08:000140861:mpeg21:p025:alto_1.jpg;artikel;Nederlandsche staatscourant;1884-06-02;http://resolver.kb.nl/resolve?urn=MMKB08:000140861:mpeg21:a0015;unknown;drawing
MMKB08:000140861:mpeg21:p026:alto_1.jpg;artikel;Nederlandsche staatscourant;1884-06-02;http://resolver.kb.nl/resolve?urn=MMKB08:000140861:mpeg21:a0015;logo;drawing
MMKB08:000140861:mpeg21:p026:alto_2.jpg;artikel;Nederlandsche staatscourant;1884-06-02;http://resolver.kb.nl/resolve?urn=MMKB08:000140861:mpeg21:a0015;cartoon;drawing
MMKB08:000140883:mpeg21:p001:alto_2.jpg;artikel;Nederlandsche staatscourant;1884-06-28;http://resolver.kb.nl/resolve?urn=MMKB08:000140883:mpeg21:a0001;logo;drawing
MMKB08:000140883:mpeg21:p001:alto_3.jpg;artikel;Nederlandsche staatscourant;1884-06-28;http://resolver.kb.nl/resolve?urn=MMKB08:000140883:mpeg21:a0001;cyrilic;drawing
MMKB08:000140883:mpeg21:p001:alto_4.jpg;artikel;Nederlandsche staatscourant;1884-06-28;http://resolver.kb.nl/resolve?urn=MMKB08:000140883:mpeg21:a0001;logo;drawing
ddd:110619192:mpeg21:p005:alto_1.jpg;artikel;De grondwet;1884-05-20;http://resolver.kb.nl/resolve?urn=ddd:110619192:mpeg21:a0050;face unknown;drawing
ddd:110619192:mpeg21:p005:alto_1.jpg;artikel;De grondwet;1884-05-20;http://resolver.kb.nl/resolve?urn=ddd:110619192:mpeg21:a0050;face unknown;drawing
ddd:110619194:mpeg21:p005:alto_1.jpg;artikel;De grondwet;1884-06-03;http://resolver.kb.nl/resolve?urn=ddd:110619194:mpeg21:a0067;face unknown;drawing
ddd:110619194:mpeg21:p005:alto_1.jpg;artikel;De grondwet;1884-06-03;http://resolver.kb.nl/resolve?urn=ddd:110619194:mpeg21:a0067;face unknown;drawing
ddd:110619196:mpeg21:p004:alto_1.jpg;artikel;De grondwet;1884-06-17;http://resolver.kb.nl/resolve?urn=ddd:110619196:mpeg21:a0082;face unknown;drawing
ddd:110619196:mpeg21:p004:alto_1.jpg;artikel;De grondwet;1884-06-17;http://resolver.kb.nl/resolve?urn=ddd:110619196:mpeg21:a0082;face unknown;drawing
ddd:110619197:mpeg21:p005:alto_1.jpg;artikel;De grondwet;1884-06-24;http://resolver.kb.nl/resolve?urn=ddd:110619197:mpeg21:a0085;face unknown;drawing
ddd:110619197:mpeg21:p005:alto_1.jpg;artikel;De grondwet;1884-06-24;http://resolver.kb.nl/resolve?urn=ddd:110619197:mpeg21:a0085;face unknown;drawing
ddd:110619198:mpeg21:p004:alto_1.jpg;artikel;De grondwet;1884-07-01;http://resolver.kb.nl/resolve?urn=ddd:110619198:mpeg21:a0075;unknown;drawing
ddd:110619198:mpeg21:p004:alto_1.jpg;artikel;De grondwet;1884-07-01;http://resolver.kb.nl/resolve?urn=ddd:110619198:mpeg21:a0075;unknown;drawing
ddd:110619200:mpeg21:p004:alto_1.jpg;artikel;De grondwet;1884-07-22;http://resolver.kb.nl/resolve?urn=ddd:110619200:mpeg21:a0079;face unknown;drawing
ddd:110619200:mpeg21:p004:alto_1.jpg;artikel;De grondwet;1884-07-22;http://resolver.kb.nl/resolve?urn=ddd:110619200:mpeg21:a0079;face unknown;drawing
ddd:110619206:mpeg21:p004:alto_1.jpg;artikel;De grondwet;1884-07-08;http://resolver.kb.nl/resolve?urn=ddd:110619206:mpeg21:a0074;unknown;drawing
ddd:110619206:mpeg21:p004:alto_1.jpg;artikel;De grondwet;1884-07-08;http://resolver.kb.nl/resolve?urn=ddd:110619206:mpeg21:a0074;unknown;drawing
ddd:110619208:mpeg21:p005:alto_1.jpg;artikel;De grondwet;1884-09-09;http://resolver.kb.nl/resolve?urn=ddd:110619208:mpeg21:a0060;unknown;drawing
ddd:110619208:mpeg21:p005:alto_1.jpg;artikel;De grondwet;1884-09-09;http://resolver.kb.nl/resolve?urn=ddd:110619208:mpeg21:a0060;unknown;drawing
ddd:011181895:mpeg21:p003:alto_1.jpg;artikel;De Volksvriend;1884-09-11;http://resolver.kb.nl/resolve?urn=ddd:011181895:mpeg21:a0053;face unknown;drawing
ddd:011181897:mpeg21:p002:alto_1.jpg;artikel;De Volksvriend;1884-09-25;http://resolver.kb.nl/resolve?urn=ddd:011181897:mpeg21:a0029;unknown;drawing
ddd:011181900:mpeg21:p003:alto_1.jpg;artikel;De Volksvriend;1884-10-16;http://resolver.kb.nl/resolve?urn=ddd:011181900:mpeg21:a0031;cyrilic;drawing
ddd:011181901:mpeg21:p001:alto_1.jpg;artikel;De Volksvriend;1884-10-23;http://resolver.kb.nl/resolve?urn=ddd:011181901:mpeg21:a0030;cyrilic;drawing
ddd:011181901:mpeg21:p001:alto_1.jpg;artikel;De Volksvriend;1884-10-23;http://resolver.kb.nl/resolve?urn=ddd:011181901:mpeg21:a0030;cyrilic;drawing
